-- --------------------------------------------------------
-- Host:                         127.0.0.1
-- Versión del servidor:         11.4.5-MariaDB - mariadb.org binary distribution
-- SO del servidor:              Win64
-- HeidiSQL Versión:             12.10.0.7000
-- --------------------------------------------------------

/*!40101 SET @OLD_CHARACTER_SET_CLIENT=@@CHARACTER_SET_CLIENT */;
/*!40101 SET NAMES utf8 */;
/*!50503 SET NAMES utf8mb4 */;
/*!40103 SET @OLD_TIME_ZONE=@@TIME_ZONE */;
/*!40103 SET TIME_ZONE='+00:00' */;
/*!40014 SET @OLD_FOREIGN_KEY_CHECKS=@@FOREIGN_KEY_CHECKS, FOREIGN_KEY_CHECKS=0 */;
/*!40101 SET @OLD_SQL_MODE=@@SQL_MODE, SQL_MODE='NO_AUTO_VALUE_ON_ZERO' */;
/*!40111 SET @OLD_SQL_NOTES=@@SQL_NOTES, SQL_NOTES=0 */;


-- Volcando estructura de base de datos para db_salcooking
DROP DATABASE IF EXISTS `db_salcooking`;
CREATE DATABASE IF NOT EXISTS `db_salcooking` /*!40100 DEFAULT CHARACTER SET utf8mb3 COLLATE utf8mb3_general_ci */;
USE `db_salcooking`;

-- Volcando estructura para tabla db_salcooking.alergias
DROP TABLE IF EXISTS `alergias`;
CREATE TABLE IF NOT EXISTS `alergias` (
  `id` int(11) NOT NULL AUTO_INCREMENT,
  `nombre` varchar(100) NOT NULL,
  PRIMARY KEY (`id`),
  UNIQUE KEY `nombre` (`nombre`)
) ENGINE=MyISAM AUTO_INCREMENT=4 DEFAULT CHARSET=utf8mb3 COLLATE=utf8mb3_general_ci;

-- Volcando datos para la tabla db_salcooking.alergias: 3 rows
/*!40000 ALTER TABLE `alergias` DISABLE KEYS */;
INSERT IGNORE INTO `alergias` (`id`, `nombre`) VALUES
	(1, 'frutos secos'),
	(2, 'glúten'),
	(3, 'pescado');
/*!40000 ALTER TABLE `alergias` ENABLE KEYS */;

-- Volcando estructura para tabla db_salcooking.dietas
DROP TABLE IF EXISTS `dietas`;
CREATE TABLE IF NOT EXISTS `dietas` (
  `id_dieta` int(11) NOT NULL AUTO_INCREMENT,
  `id_perfil` int(11) NOT NULL,
  `nombre_dieta` varchar(100) DEFAULT NULL,
  `tipo` enum('Diaria','Semanal') DEFAULT NULL,
  `fecha_creacion` timestamp NOT NULL DEFAULT current_timestamp(),
  PRIMARY KEY (`id_dieta`),
  KEY `id_perfil` (`id_perfil`)
) ENGINE=MyISAM DEFAULT CHARSET=utf8mb3 COLLATE=utf8mb3_general_ci;

-- Volcando datos para la tabla db_salcooking.dietas: 0 rows
/*!40000 ALTER TABLE `dietas` DISABLE KEYS */;
/*!40000 ALTER TABLE `dietas` ENABLE KEYS */;

-- Volcando estructura para tabla db_salcooking.dieta_receta
DROP TABLE IF EXISTS `dieta_receta`;
CREATE TABLE IF NOT EXISTS `dieta_receta` (
  `id_dieta` int(11) NOT NULL,
  `id_receta` int(11) NOT NULL,
  `comida` enum('Desayuno','Comida-entrante','Comida-principal','Comida-postre') NOT NULL,
  `dia_semana` enum('Lunes','Martes','Miércoles','Jueves','Viernes','Sábado','Domingo') NOT NULL,
  PRIMARY KEY (`id_dieta`,`id_receta`,`dia_semana`,`comida`),
  KEY `id_receta` (`id_receta`)
) ENGINE=MyISAM DEFAULT CHARSET=utf8mb3 COLLATE=utf8mb3_general_ci;

-- Volcando datos para la tabla db_salcooking.dieta_receta: 0 rows
/*!40000 ALTER TABLE `dieta_receta` DISABLE KEYS */;
/*!40000 ALTER TABLE `dieta_receta` ENABLE KEYS */;

-- Volcando estructura para tabla db_salcooking.enfermedades
DROP TABLE IF EXISTS `enfermedades`;
CREATE TABLE IF NOT EXISTS `enfermedades` (
  `id` int(11) NOT NULL AUTO_INCREMENT,
  `nombre` varchar(100) NOT NULL,
  PRIMARY KEY (`id`),
  UNIQUE KEY `nombre` (`nombre`)
) ENGINE=MyISAM AUTO_INCREMENT=3 DEFAULT CHARSET=utf8mb3 COLLATE=utf8mb3_general_ci;

-- Volcando datos para la tabla db_salcooking.enfermedades: 2 rows
/*!40000 ALTER TABLE `enfermedades` DISABLE KEYS */;
INSERT IGNORE INTO `enfermedades` (`id`, `nombre`) VALUES
	(2, 'colesterol'),
	(1, 'diabetes');
/*!40000 ALTER TABLE `enfermedades` ENABLE KEYS */;

-- Volcando estructura para tabla db_salcooking.ingredientes
DROP TABLE IF EXISTS `ingredientes`;
CREATE TABLE IF NOT EXISTS `ingredientes` (
  `id` int(11) NOT NULL AUTO_INCREMENT,
  `nombre` varchar(100) NOT NULL,
  PRIMARY KEY (`id`),
  UNIQUE KEY `nombre` (`nombre`)
) ENGINE=MyISAM AUTO_INCREMENT=1229 DEFAULT CHARSET=utf8mb3 COLLATE=utf8mb3_general_ci;

-- Volcando datos para la tabla db_salcooking.ingredientes: 617 rows
/*!40000 ALTER TABLE `ingredientes` DISABLE KEYS */;
INSERT IGNORE INTO `ingredientes` (`id`, `nombre`) VALUES
	(86, 'Aceite de coco'),
	(205, 'Aceite de coco virgen'),
	(361, 'Aceite de girasol'),
	(31, 'Aceite de oliva'),
	(46, 'Aceite de oliva virgen extra'),
	(168, 'Aceite de sésamo'),
	(269, 'Aceite de sésamo tostado'),
	(29, 'Aceitunas negras'),
	(533, 'Aceitunas negras sin hueso'),
	(422, 'Acelgas'),
	(144, 'Agua'),
	(736, 'Agua o caldo de verduras'),
	(44, 'Aguacate'),
	(5, 'Ajo'),
	(567, 'Ajo en polvo'),
	(806, 'Ajo laminado'),
	(407, 'Albahaca fresca'),
	(693, 'Albaricoques secos'),
	(901, 'Alcachofas'),
	(268, 'Alga nori'),
	(585, 'Alga wakame'),
	(915, 'Almendras crudas'),
	(45, 'Almendras laminadas'),
	(146, 'Apio'),
	(125, 'Arándanos'),
	(483, 'Arándanos deshidratados sin azúcar'),
	(648, 'Arroz basmati'),
	(587, 'Arroz integral'),
	(910, 'Arroz redondo'),
	(98, 'Avena sin gluten'),
	(36, 'Azúcar'),
	(252, 'Azúcar de coco'),
	(643, 'Azúcar moreno'),
	(112, 'Bebida vegetal de almendras'),
	(159, 'Bebida vegetal de arroz'),
	(107, 'Bebida vegetal de avena'),
	(135, 'Bebida vegetal sin azúcar'),
	(245, 'Bebida vegetal sin frutos secos'),
	(79, 'Berenjena'),
	(474, 'Bisaltos'),
	(771, 'Blimis'),
	(231, 'Boniato'),
	(812, 'Brocheta de madera'),
	(164, 'Brócoli'),
	(856, 'Brócoli fresco'),
	(521, 'Brotes de espinaca'),
	(414, 'Bulbo de hinojo'),
	(673, 'Bulgur'),
	(719, 'Caballa'),
	(39, 'Cacao en polvo'),
	(77, 'Calabacín'),
	(442, 'Calabaza'),
	(912, 'Calamares'),
	(914, 'Caldo de pescado'),
	(310, 'Caldo de verduras'),
	(326, 'Caldo de verduras sin gluten'),
	(888, 'Caldo vegetal'),
	(204, 'Canela'),
	(85, 'Canela en polvo'),
	(298, 'Canela en rama'),
	(523, 'Canónigos'),
	(765, 'Carne picada de pavo'),
	(100, 'Cebolla'),
	(80, 'Cebolla morada'),
	(766, 'Cebolla tierna'),
	(584, 'Cebolleta'),
	(475, 'Champiñones'),
	(735, 'Chile ancho seco'),
	(768, 'Chile en polvo'),
	(734, 'Chile guajillo seco'),
	(642, 'Chile molido'),
	(504, 'Chile rojo'),
	(41, 'Chocolate negro'),
	(289, 'Chocolate negro 70%'),
	(641, 'Chuleta de cerdo'),
	(692, 'Chuletillas de cordero'),
	(362, 'Cilantro'),
	(723, 'Cilantro fresco'),
	(526, 'Cilantro fresco picado'),
	(360, 'Col'),
	(196, 'Colágeno hidrolizado en polvo'),
	(704, 'Coliflor'),
	(373, 'Coliflor rallada'),
	(271, 'Comino molido'),
	(244, 'Copos de arroz sin gluten'),
	(106, 'Copos de avena'),
	(279, 'Copos de avena integral'),
	(84, 'Copos de avena sin gluten'),
	(837, 'Crackers de arroz inflado'),
	(4, 'Crema de leche'),
	(145, 'Cúrcuma'),
	(189, 'Cúrcuma en polvo'),
	(463, 'Curry en polvo'),
	(544, 'Curry suave en polvo'),
	(628, 'Cuscús integral'),
	(40, 'Dulce de leche'),
	(154, 'Eritritol'),
	(225, 'Esencia de vainilla'),
	(867, 'Espaguetis de mar'),
	(659, 'Espaguetis integrales'),
	(889, 'Espárragos trigueros'),
	(398, 'Espárragos verdes'),
	(188, 'Espinacas'),
	(683, 'Espinacas baby'),
	(111, 'Espinacas frescas'),
	(618, 'Filete de pechuga de pavo'),
	(681, 'Filete de salmón fresco'),
	(152, 'Frambuesas'),
	(124, 'Fresas'),
	(239, 'Frutas del bosque'),
	(93, 'Frutas frescas'),
	(117, 'Frutos rojos'),
	(195, 'Frutos rojos congelados'),
	(913, 'Gambas'),
	(707, 'Garam masala'),
	(260, 'Garbanzos cocidos'),
	(389, 'Granada'),
	(674, 'Guindilla roja seca'),
	(900, 'Guisantes'),
	(309, 'Guisantes verdes'),
	(899, 'Habas'),
	(134, 'Harina de arroz integral'),
	(286, 'Harina de avena integral'),
	(143, 'Harina de garbanzo'),
	(820, 'Harina de maíz'),
	(237, 'Harina de sorgo'),
	(35, 'Harina de trigo'),
	(224, 'Harina de yuca'),
	(916, 'Hebras de azafrán'),
	(176, 'Hielo'),
	(317, 'Hierbabuena'),
	(519, 'Higos frescos'),
	(482, 'Hinojo'),
	(197, 'Hojas de menta fresca'),
	(91, 'Huevo'),
	(37, 'Huevos'),
	(232, 'Hummus natural'),
	(733, 'Jaca verde en conserva'),
	(756, 'Jamón cocido bajo en sodio'),
	(167, 'Jengibre'),
	(645, 'Jengibre en polvo'),
	(299, 'Jengibre fresco'),
	(462, 'Jengibre fresco rallado'),
	(332, 'Judías verdes'),
	(769, 'Judías verdes redondas'),
	(721, 'Jugo de lima'),
	(32, 'Jugo de limón'),
	(153, 'Kiwi'),
	(254, 'Kiwi oro'),
	(672, 'Langostinos'),
	(807, 'Leche'),
	(123, 'Leche de coco'),
	(543, 'Leche de coco ligera'),
	(649, 'Leche de coco sin azúcar'),
	(767, 'Leche de coco sin azúcares añadidos'),
	(481, 'Leche vegetal sin azúcar'),
	(26, 'Lechuga'),
	(722, 'Lenteja verdina cocida'),
	(491, 'Lentejas cocidas'),
	(784, 'Lentejas rojas'),
	(502, 'Lima'),
	(81, 'Limón'),
	(376, 'Maicena'),
	(288, 'Mandarina'),
	(644, 'Mango'),
	(432, 'Mango maduro'),
	(38, 'Mantequilla'),
	(160, 'Manzana'),
	(324, 'Manzana verde'),
	(911, 'Mejillones'),
	(316, 'Melón'),
	(311, 'Menta fresca'),
	(108, 'Miel'),
	(158, 'Mijo'),
	(887, 'Mostaza de Dijon'),
	(399, 'Mostaza de Dijon sin gluten'),
	(287, 'Naranja'),
	(42, 'Nata para montar'),
	(2, 'Nueces'),
	(520, 'Nueces peladas'),
	(431, 'Nuez moscada'),
	(511, 'Ocras'),
	(234, 'Orégano seco'),
	(884, 'Ortigas frescas'),
	(89, 'Pan integral'),
	(261, 'Pan integral sin frutos secos'),
	(808, 'Pan rallado sin gluten'),
	(501, 'Papaya verde'),
	(629, 'Pasas sultanas'),
	(1, 'Pasta'),
	(876, 'Pasta de koji'),
	(582, 'Pasta de miso'),
	(525, 'Pasta harissa'),
	(597, 'Pasta integral'),
	(312, 'Patata'),
	(532, 'Patata cocida'),
	(142, 'Patatas'),
	(128, 'Pechuga de pavo'),
	(598, 'Pechuga de pollo'),
	(783, 'Pechuga de pollo sin piel'),
	(28, 'Pepino'),
	(174, 'Pera'),
	(82, 'Perejil'),
	(444, 'Perejil fresco'),
	(809, 'Perejil fresco picado'),
	(706, 'Pierna de cordero magra'),
	(7, 'Pimienta'),
	(313, 'Pimienta blanca'),
	(48, 'Pimienta negra'),
	(130, 'Pimienta negra molida'),
	(388, 'Pimiento amarillo'),
	(78, 'Pimiento rojo'),
	(387, 'Pimiento verde'),
	(810, 'Pimientos del padrón'),
	(413, 'Piña natural'),
	(83, 'Plátano'),
	(759, 'Polenta instantánea'),
	(703, 'Pollo'),
	(136, 'Polvo de hornear sin gluten'),
	(175, 'Proteína de guisante'),
	(844, 'Proteína vegetal de guisante texturizada'),
	(325, 'Puerro'),
	(282, 'Puré de plátano'),
	(405, 'Queso batido 0% grasa'),
	(297, 'Queso cottage bajo en grasa'),
	(129, 'Queso crema sin lactosa'),
	(30, 'Queso feta'),
	(819, 'Queso fresco batido 0%'),
	(344, 'Queso fresco desnatado'),
	(662, 'Queso parmesano rallado'),
	(374, 'Queso rallado bajo en grasa'),
	(811, 'Queso roquefort'),
	(43, 'Quinoa'),
	(569, 'Ralladura de lima'),
	(253, 'Ralladura de limón'),
	(342, 'Remolacha cocida'),
	(331, 'Repollo'),
	(745, 'Repollo morado'),
	(238, 'Ricotta vegana'),
	(705, 'Romero fresco'),
	(619, 'Romero seco'),
	(522, 'Rúcula'),
	(343, 'Rúcula fresca'),
	(6, 'Sal'),
	(162, 'Sal marina'),
	(3, 'Salmón'),
	(720, 'Salsa de pescado'),
	(503, 'Salsa de pescado vegetal'),
	(464, 'Salsa de soja baja en sodio'),
	(553, 'Salsa de soja sin gluten'),
	(166, 'Salsa tamari'),
	(300, 'Salvia'),
	(757, 'Salvia fresca'),
	(524, 'Salvia roja'),
	(834, 'Sardinas frescas'),
	(118, 'Semillas de calabaza'),
	(113, 'Semillas de chía'),
	(281, 'Semillas de girasol'),
	(280, 'Semillas de lino'),
	(246, 'Semillas de lino molidas'),
	(270, 'Semillas de sésamo'),
	(163, 'Semillas de sésamo tostado'),
	(583, 'Setas shiitake'),
	(886, 'Setas variadas'),
	(206, 'Sirope de agave'),
	(161, 'Sirope de arroz'),
	(885, 'Soja texturizada fina'),
	(805, 'Solomillo de cerdo'),
	(660, 'Solomillo de vacuno'),
	(119, 'Stevia líquida'),
	(165, 'Tahini'),
	(566, 'Tempeh de garbanzos'),
	(661, 'Tirabeques'),
	(461, 'Tofu firme'),
	(262, 'Tomate'),
	(27, 'Tomate cherry'),
	(835, 'Tomate maduro'),
	(542, 'Tomate natural triturado'),
	(845, 'Tomate triturado natural'),
	(233, 'Tomates cherry'),
	(406, 'Tomates secos'),
	(836, 'Tomillo fresco'),
	(599, 'Tomillo seco'),
	(284, 'Uvas moscatel'),
	(92, 'Vinagre blanco'),
	(554, 'Vinagre de arroz'),
	(684, 'Vinagre de granada'),
	(318, 'Vinagre de manzana'),
	(772, 'Vinagre de manzana sin filtrar'),
	(902, 'Vinagre de vino blanco'),
	(758, 'Vino blanco seco'),
	(675, 'Vino de Jerez seco'),
	(116, 'Yogur griego natural sin azúcar'),
	(682, 'Yogur natural desnatado sin azúcar'),
	(283, 'Yogur natural sin azúcar'),
	(708, 'Yogur vegetal natural'),
	(568, 'Yogur vegetal natural sin azúcar'),
	(443, 'Za\'atar'),
	(99, 'Zanahoria'),
	(646, 'Zanahoria baby'),
	(855, 'Zanahoria rallada'),
	(770, 'Zanahorias baby'),
	(433, 'Zumo de lima'),
	(47, 'Zumo de limón'),
	(857, 'Zumo de limón natural'),
	(375, 'Zumo de naranja'),
	(918, 'Pera conferencia'),
	(919, 'Extracto de vainilla'),
	(920, 'Stevia'),
	(921, 'Chocolate negro 85% sin azúcar'),
	(922, 'Zumo de mandarina'),
	(923, 'Gelatina neutra'),
	(924, 'Ralladura de mandarina'),
	(925, 'Harina de castaña'),
	(926, 'Leche vegetal'),
	(927, 'Aceite de oliva suave'),
	(928, 'Chocolate blanco sin azúcar añadido'),
	(929, 'Mermelada de arándanos sin azúcar añadido'),
	(930, 'Avena integral'),
	(931, 'Arándanos frescos'),
	(932, 'Puré de cassis'),
	(933, 'Leche entera'),
	(934, 'Cointreau'),
	(935, 'Azúcar glas'),
	(936, 'Yemas de huevo'),
	(937, 'Gelatina neutra en hojas'),
	(938, 'Bebida vegetal de coco'),
	(939, 'Almidón de maíz'),
	(940, 'Zumo de naranja natural'),
	(941, 'Polvo de hornear sin aluminio'),
	(942, 'Ralladura de naranja'),
	(943, 'Hierbabuena fresca'),
	(944, 'Agar-agar'),
	(945, 'Galletas sin gluten'),
	(946, 'Harina de avena sin gluten'),
	(947, 'Chocolate blanco sin azúcar'),
	(948, 'Grosellas rojas'),
	(949, 'Bebida vegetal de avena sin azúcar'),
	(950, 'Zumo de pomelo natural'),
	(951, 'Agar-agar en polvo'),
	(952, 'Cava'),
	(953, 'Pétalos de rosa comestibles'),
	(954, 'Pomelo fresco'),
	(955, 'Manzanas Golden'),
	(956, 'Masa filo'),
	(957, 'Mantequilla sin sal'),
	(958, 'Huevo pequeño'),
	(959, 'Harina de almendra'),
	(960, 'Kumquat'),
	(961, 'Yema de huevo'),
	(962, 'Ralladura de kumquat'),
	(963, 'Kuzu'),
	(964, 'Lemongrass'),
	(965, 'Hojas de lima kaffir'),
	(966, 'Levadura sin gluten'),
	(967, 'Queso halloumi'),
	(968, 'Uvas moscatel italiano'),
	(969, 'Helado de vinagre de manzana'),
	(970, 'Goma xantana'),
	(971, 'Sardinas en aceite de oliva'),
	(972, 'Cebollino fresco'),
	(973, 'Bacalao desalado desmigado'),
	(974, 'Harina integral'),
	(975, 'Yogur natural'),
	(976, 'Polvo de hornear'),
	(977, 'Salmón ahumado'),
	(978, 'Crema ácida'),
	(979, 'Eneldo fresco'),
	(980, 'Harina de avena'),
	(981, 'Cacao en polvo sin azúcar'),
	(982, 'Nueces picadas'),
	(983, 'Queso mascarpone'),
	(984, 'Café espresso'),
	(985, 'Cacao puro en polvo'),
	(986, 'Almendras molidas'),
	(987, 'Manteca'),
	(988, 'Anacardos troceados'),
	(989, 'Chips de chocolate negro'),
	(990, 'Almendras troceadas'),
	(991, 'Avellanas'),
	(992, 'Coco rallado'),
	(993, 'Agua fría'),
	(994, 'Almendra molida'),
	(995, 'Piña en almíbar'),
	(996, 'Almíbar de piña'),
	(997, 'Queso rallado'),
	(998, 'Bacon'),
	(999, 'Pimienta de cayena'),
	(1000, 'Queso crema'),
	(1001, 'Mermelada de naranja'),
	(1002, 'Vino blanco'),
	(1003, 'Atún en aceite'),
	(1004, 'Huevo duro'),
	(1005, 'Pimentón dulce'),
	(1006, 'Harina de almendras'),
	(1007, 'Mojama de atún'),
	(1008, 'Levadura química'),
	(1009, 'Aceite vegetal'),
	(1010, 'Pasas'),
	(1011, 'Pan rallado'),
	(1012, 'Jurel'),
	(1013, 'Mostaza antigua'),
	(1014, 'Cebollino'),
	(1015, 'Mojama'),
	(1016, 'Caballa en conserva'),
	(1017, 'Tartaletas de masa quebrada'),
	(1018, 'Pescado blanco'),
	(1019, 'Citronela'),
	(1020, 'Galanga'),
	(1021, 'Chiles rojos'),
	(1022, 'Azúcar de palma'),
	(1023, 'Pistachos pelados'),
	(1024, 'Cous cous'),
	(1025, 'Piñones'),
	(1026, 'Ñoquis de calabaza'),
	(1027, 'Queso de cabra'),
	(1028, 'Almendras'),
	(1029, 'Hierbas aromáticas frescas'),
	(1030, 'Anacardos naturales'),
	(1031, 'Salsa de soja'),
	(1032, 'Lechuga romana'),
	(1033, 'Pechuga de pollo asado'),
	(1034, 'Pan'),
	(1035, 'Anchoa en aceite'),
	(1036, 'Jamón ibérico'),
	(1037, 'Panceta curada'),
	(1038, 'Uvas moradas'),
	(1039, 'Crema entera'),
	(1040, 'Tequila blanco'),
	(1041, 'Tomate rojo maduro'),
	(1042, 'Gambas cocidas'),
	(1043, 'Huevas de trucha'),
	(1044, 'Masa de hojaldre'),
	(1045, 'Queso brie'),
	(1046, 'Nata para cocinar'),
	(1047, 'Arroz tipo bomba'),
	(1048, 'Chalota'),
	(1049, 'Flores comestibles'),
	(1050, 'Rape'),
	(1051, 'Hierbas provenzales'),
	(1052, 'Merluza'),
	(1053, 'Trufa negra'),
	(1054, 'Ricotta'),
	(1055, 'Anacardos'),
	(1056, 'Leche evaporada'),
	(1057, 'Trucha'),
	(1058, 'Nata ligera para cocinar'),
	(1059, 'Tomillo'),
	(1060, 'Filetes de rodaballo'),
	(1061, 'Alcaparras'),
	(1062, 'Lubina'),
	(1063, 'Sal gruesa'),
	(1064, 'Patatas pequeñas'),
	(1065, 'Sal fina'),
	(1066, 'Linguini'),
	(1067, 'Tapenade de aceitunas negras'),
	(1068, 'Anacardos tostados'),
	(1069, 'Caldo de pollo'),
	(1070, 'Carne picada de cerdo'),
	(1071, 'Carne picada de ternera'),
	(1072, 'Nata líquida para cocinar'),
	(1073, 'Panceta'),
	(1074, 'Semillas de girasol tostadas'),
	(1075, 'Masa quebrada con gluten'),
	(1076, 'Queso gruyère rallado'),
	(1077, 'Perdiz'),
	(1078, 'Vino tinto'),
	(1079, 'Laurel'),
	(1080, 'Pan de trigo'),
	(1081, 'Caldo de ave'),
	(1082, 'Placas de canelones'),
	(1083, 'Rabo de toro'),
	(1084, 'Caldo de carne'),
	(1085, 'Queso curado rallado'),
	(1086, 'Muslos de pollo con piel'),
	(1087, 'Ajo picado'),
	(1088, 'Jengibre rallado'),
	(1089, 'Arroz glutinoso cocido'),
	(1090, 'Albahaca tailandesa'),
	(1091, 'Levadura seca de panadería'),
	(1092, 'Pierna de cordero deshuesada'),
	(1093, 'Romero'),
	(1094, 'Mantequilla de cacahuete'),
	(1095, 'Salsa sriracha'),
	(1096, 'Judías verdes baby'),
	(1097, 'Mini maíz'),
	(1098, 'Costillas de cerdo'),
	(1099, 'Cebolla en polvo'),
	(1100, 'Pimentón ahumado'),
	(1101, 'Ketchup'),
	(1102, 'Bourbon'),
	(1103, 'Salsa Worcestershire'),
	(1104, 'Mazorcas de maíz'),
	(1105, 'Col blanca rallada'),
	(1106, 'Mayonesa'),
	(1107, 'Salmuera de anchoa'),
	(1108, 'Maltodextrina'),
	(1109, 'Tomate pera maduro'),
	(1110, 'Azúcar invertido'),
	(1111, 'Chocolate negro 85%'),
	(1112, 'Harina de arroz'),
	(1113, 'Crema de avellanas'),
	(1114, 'Liofilizado de arenques ahumados'),
	(1115, 'Chocolate blanco'),
	(1116, 'Gelatina neutra en polvo'),
	(1117, 'Caviar de salmón'),
	(1118, 'Harina de trigo de repostería'),
	(1119, 'Aceite de colza'),
	(1120, 'Miso blanco'),
	(1121, 'Puré de manzana verde'),
	(1122, 'Trucha ahumada'),
	(1123, 'Brotes de mostaza'),
	(1124, 'Filete de lubina'),
	(1125, 'Zumo de yuzu'),
	(1126, 'Alga kombu'),
	(1127, 'Sirope de arce'),
	(1128, 'Agua mineral'),
	(1129, 'Gluconolactato cálcico'),
	(1130, 'Alginato de sodio'),
	(1131, 'Pasta filo'),
	(1132, 'Licor de chocolate'),
	(1133, 'Pistachos'),
	(1134, 'Yemas de pino'),
	(1135, 'Agua de azahar'),
	(1136, 'Levadura fresca'),
	(1137, 'Nueces molidas'),
	(1138, 'Helado de pistacho'),
	(1139, 'Pan de molde'),
	(1140, 'Miel de romero'),
	(1141, 'Clara de huevo'),
	(1142, 'Mermelada de violetas'),
	(1143, 'Chocolate blanco de cobertura'),
	(1144, 'Colorante alimentario amarillo'),
	(1145, 'Colorante comestible naranja'),
	(1146, 'Pulpa de mango'),
	(1147, 'Grenetina'),
	(1148, 'Puré de albaricoque'),
	(1149, 'Gelatina'),
	(1150, 'Azúcar para caramelo'),
	(1151, 'Polvo de caramelo pulverizado'),
	(1152, 'Levadura en polvo'),
	(1153, 'Puré de calabaza'),
	(1154, 'Dulce de membrillo'),
	(1155, 'Pétalos de diente de león'),
	(1156, 'Cayena molida'),
	(1157, 'Azúcar blanco'),
	(1158, 'Moras silvestres'),
	(1159, 'Jarabe de flores de saúco'),
	(1160, 'Flor de hibisco seca'),
	(1161, 'Té blanco japonés'),
	(1162, 'Galletas speculoos caramelizadas'),
	(1163, 'Azúcar glass'),
	(1164, 'Bacalao fresco'),
	(1165, 'Judías Azuki cocidas'),
	(1166, 'Salsa de ostras'),
	(1167, 'Salsa de soja baja en sal'),
	(1168, 'Emperador'),
	(1169, 'Cinco especias chinas'),
	(1170, 'Azúcar mascabado'),
	(1171, 'Puré de tomate'),
	(1172, 'Bacalao desalado'),
	(1173, 'Agua con gas'),
	(1174, 'Piparras en vinagre'),
	(1175, 'Mostaza Dijon'),
	(1176, 'Vinagre de piparras'),
	(1177, 'Nata vegetal para cocinar'),
	(1178, 'Pasta de ají amarillo'),
	(1179, 'Tomate enlatado'),
	(1180, 'Camarones'),
	(1181, 'Colas de merluza'),
	(1182, 'Almendras crudas sin piel'),
	(1183, 'Rooibos con vainilla'),
	(1184, 'Proteína de soja texturizada'),
	(1185, 'Brotes de lechuga'),
	(1186, 'Mezcla de té chai'),
	(1187, 'Mantequilla de anacardo'),
	(1188, 'Endivia'),
	(1189, 'Alcachofa fresca'),
	(1190, 'Jamón serrano'),
	(1191, 'Pasta de curry verde tailandés'),
	(1192, 'Arroz jazmín'),
	(1193, 'Queso mozzarella rallado'),
	(1194, 'Pepperoni'),
	(1195, 'Salsa de tomate frito'),
	(1196, 'Ghee'),
	(1197, 'Comino en grano'),
	(1198, 'Arroz blanco cocido'),
	(1199, 'Agua caliente'),
	(1200, 'Margarina vegetal sin sal'),
	(1201, 'Frambuesas frescas'),
	(1202, 'Nata vegetal'),
	(1203, 'Fécula de maíz'),
	(1204, 'Avellanas tostadas sin sal'),
	(1205, 'Chocolate negro 85% sin leche'),
	(1206, 'Pétalos de rosa comestible'),
	(1207, 'Harina de fuerza'),
	(1208, 'Leche semidesnatada'),
	(1209, 'Cardamomo molido'),
	(1210, 'Chocolate negro 85% cacao sin azúcar'),
	(1211, 'Queso crema light'),
	(1212, 'Bebida vegetal de avena sin gluten'),
	(1213, 'Extracto natural de vainilla'),
	(1214, 'Cerezas frescas'),
	(1215, 'Castañas cocidas y peladas'),
	(1216, 'Leche desnatada'),
	(1217, 'Bebida vegetal'),
	(1218, 'Levadura química sin gluten'),
	(1219, 'Harina sin gluten'),
	(1220, 'Margarina vegetal'),
	(1221, 'Eritritol líquido'),
	(1222, 'Eritritol en polvo'),
	(1223, 'Champiñones laminados'),
	(1224, 'Harina de maíz fina'),
	(1225, 'Queso ricotta'),
	(1226, 'Canela molida'),
	(1227, 'Couscous'),
	(1228, 'Remolacha');
/*!40000 ALTER TABLE `ingredientes` ENABLE KEYS */;

-- Volcando estructura para tabla db_salcooking.lista_compra
DROP TABLE IF EXISTS `lista_compra`;
CREATE TABLE IF NOT EXISTS `lista_compra` (
  `id_lista` int(11) NOT NULL AUTO_INCREMENT,
  `id_dieta` int(11) NOT NULL,
  `nombre_ingrediente` varchar(100) NOT NULL,
  `cantidad_total` decimal(10,2) DEFAULT NULL,
  `unidad` varchar(20) DEFAULT NULL,
  PRIMARY KEY (`id_lista`),
  KEY `id_dieta` (`id_dieta`)
) ENGINE=MyISAM DEFAULT CHARSET=utf8mb3 COLLATE=utf8mb3_general_ci;

-- Volcando datos para la tabla db_salcooking.lista_compra: 0 rows
/*!40000 ALTER TABLE `lista_compra` DISABLE KEYS */;
/*!40000 ALTER TABLE `lista_compra` ENABLE KEYS */;

-- Volcando estructura para tabla db_salcooking.recetas
DROP TABLE IF EXISTS `recetas`;
CREATE TABLE IF NOT EXISTS `recetas` (
  `id` int(11) NOT NULL AUTO_INCREMENT,
  `nombre` varchar(100) NOT NULL,
  `instrucciones` text NOT NULL,
  `sustitutos` text DEFAULT NULL,
  `tiempo_preparacion` int(11) NOT NULL DEFAULT 1,
  `porciones` int(11) NOT NULL DEFAULT 4,
  `enlace_receta` varchar(255) DEFAULT NULL,
  PRIMARY KEY (`id`)
) ENGINE=MyISAM AUTO_INCREMENT=214 DEFAULT CHARSET=utf8mb3 COLLATE=utf8mb3_general_ci;

-- Volcando datos para la tabla db_salcooking.recetas: 203 rows
/*!40000 ALTER TABLE `recetas` DISABLE KEYS */;
INSERT IGNORE INTO `recetas` (`id`, `nombre`, `instrucciones`, `sustitutos`, `tiempo_preparacion`, `porciones`, `enlace_receta`) VALUES
	(101, 'Peras Bella Helena Saludables', 'Pelar las peras y cocerlas en agua con vainilla, canela y edulcorante. Derretir el chocolate con leche vegetal y servir sobre las peras cocidas.', 'Chocolate negro 85% sin azúcar en vez de chocolate con leche. Leche vegetal en lugar de nata. Edulcorante en lugar de azúcar.', 30, 2, 'https://www.pequerecetas.com/receta/peras-bella-helena-saludables/'),
	(7, 'Ensalada Mediterránea con Queso Feta', 'Lava y corta la lechuga en trozos pequeños. Corta los tomates cherry y el pepino en rodajas. Mezcla los ingredientes en un bol y añade el queso feta desmenuzado. Prepara un aderezo con aceite de oliva, jugo de limón, sal y pimienta. Mezcla todo bien y sirve fresca.', 'No se utilizaron frutos secos en la receta.', 15, 2, 'https://www.recetasmediterraneas.com/ensalada-feta'),
	(8, 'Pasta con Salsa de Nueces y Salmón', 'Cocinar la pasta en agua hirviendo con sal hasta que esté al dente. Mientras tanto, triturar las nueces con crema y ajo. En una sartén, dorar el salmón y agregar la salsa de nueces. Mezclar con la pasta cocida y servir caliente.', 'Pasta sin gluten en lugar de pasta regular', 30, 2, 'https://www.recetasgratis.net/receta-de-pasta-con-salmon-y-nueces-71069.html'),
	(9, 'Ensalada de Quinoa con Aguacate y Almendras', 'Lavar bien la quinoa y cocinarla en agua durante 12-15 minutos. Cortar el aguacate, tomates y pepino. Tostar almendras. Mezclar todo con la quinoa enfriada. Aliñar con aceite, limón, sal y pimienta. Servir fresca.', 'No se utilizaron sustitutos; todos los ingredientes son naturalmente sin gluten.', 25, 2, 'https://www.recetasgratis.net/receta-de-ensalada-de-quinoa-con-aguacate-y-almendras-68591.html'),
	(10, 'Tarta de Chocolate con Dulce de Leche', 'Precalienta el horno a 180 °C. En un bol, mezcla la mantequilla derretida con el azúcar y los huevos hasta que esté espumoso. Añade la harina y el cacao tamizados. Mezcla bien. Vierte la mezcla en un molde engrasado y hornea durante 25 minutos. Deja enfriar completamente. Cubre con una capa generosa de dulce de leche. Derrite el chocolate con la nata y vierte por encima. Refrigera al menos 2 horas antes de servir.', 'Ninguno, se usaron ingredientes tradicionales.', 60, 8, 'https://www.recetasdesbieta.com/tarta-chocolate-dulce-de-leche/'),
	(11, 'Ensalada de Quinoa con Verduras Asadas', 'Enjuagar la quinoa y cocinarla en agua con sal. Cortar verduras y asar con aceite de oliva. Mezclar con la quinoa cocida, aliñar con limón y perejil. Servir templado o frío.', 'Ninguno. La receta ya es libre de frutos secos.', 35, 2, 'https://www.recetasgratis.net/receta-de-ensalada-de-quinoa-y-verduras-77158.html'),
	(12, 'Tortitas de Avena y Plátano sin Gluten', 'Tritura el plátano, añade huevos y mezcla con avena y canela. Cocina en sartén con aceite de coco 2-3 min por lado.', 'Copos de avena sin gluten en lugar de avena tradicional', 15, 2, 'https://www.recetasgratis.net/receta-de-tortitas-de-avena-y-platano-sin-gluten-68512.html'),
	(14, 'Tostadas Integrales con Crema de Aguacate y Nueces', 'Tostar pan integral. Triturar aguacate con ajo, limón, aceite, sal y pimienta. Untar sobre el pan y añadir nueces picadas. Servir inmediatamente.', 'Ninguno', 10, 1, 'https://www.recetasgratis.net/receta-de-tostadas-de-aguacate-con-nueces-67893.html'),
	(15, 'Tostadas integrales con aguacate, huevo poché y frutas frescas', 'Tostar el pan integral. Aplastar el aguacate y sazonar. Untar sobre el pan. Cocinar un huevo poché y colocar sobre la tostada. Servir con frutas frescas.', 'Ninguno necesario. Opcionalmente usar pan integral sin gluten para celíacos.', 15, 1, 'https://www.pequerecetas.com/receta/tostadas-aguacate-huevo'),
	(16, 'Tortilla de Verduras con Avena sin Gluten', 'Bate los huevos en un bol grande. Agrega la avena sin gluten, zanahoria rallada, calabacín rallado y cebolla picada. Mezcla y deja reposar 5 minutos. Calienta aceite en una sartén, cocina la mezcla hasta dorar por ambos lados. Sirve caliente.', 'Avena certificada sin gluten en lugar de avena convencional', 20, 2, 'https://www.pequerecetas.com/receta/tortilla-de-verduras/'),
	(17, 'Avena cocida con plátano y canela', 'Calentar la bebida vegetal o leche. Añadir la avena y cocinar a fuego lento hasta espesar. Servir con plátano en rodajas y canela espolvoreada. Opcionalmente, endulzar con miel.', 'Se ha utilizado bebida de avena en lugar de leche de vaca para una versión más ligera.', 10, 1, 'https://www.pequerecetas.com/receta/avena-con-platano'),
	(18, 'Smoothie Verde de Espinacas, Plátano y Almendras', 'Lavar las espinacas. Pelar el plátano y cortarlo en rodajas. Mezclar espinacas, plátano, bebida vegetal de almendras y semillas de chía en una licuadora. Triturar hasta obtener un batido cremoso. Añadir miel si se desea. Servir frío.', 'Bebida vegetal de almendras en lugar de leche de vaca', 5, 1, 'https://www.pequerecetas.com/receta/batido-verde-espinacas-platano/'),
	(19, 'Parfait de Yogur Griego con Frutas y Semillas', 'En un vaso o bol, colocar una capa de yogur griego en el fondo. Añadir una capa de frutos rojos frescos. Espolvorear con semillas de chía y calabaza. Repetir hasta llenar el vaso. Espolvorear canela por encima y endulzar con stevia si se desea. Servir frío.', 'Stevia o eritritol en lugar de azúcar convencional. Yogur griego natural sin azúcar en lugar de yogures azucarados.', 10, 1, 'https://www.pequerecetas.com/receta/parfait-yogur-griego-frutas/'),
	(20, 'Pudding de Chía con Leche de Coco y Fruta', 'Mezclar semillas de chía con leche de coco. Añadir miel si se desea. Refrigerar 4 horas o toda la noche. Servir con fresas y arándanos frescos.', 'Semillas de chía en lugar de cereales con gluten. Leche de coco sin azúcar en vez de leche de vaca.', 10, 1, 'https://www.pequerecetas.com/receta/pudding-chia/'),
	(21, 'Rollitos de Pavo con Espinacas y Queso', 'Lavar las espinacas y secarlas. Saltear en mantequilla con sal y pimienta. Untar queso crema sobre lonchas de pavo, colocar espinacas y enrollar. Servir fríos o calientes.', 'No se utilizaron sustitutos', 10, 1, 'https://www.pequerecetas.com/receta/rollitos-de-pavo-y-espinacas/'),
	(22, 'Tortitas de Plátano y Harina de Arroz (sin gluten, sin frutos secos, sin pescado, sin lácteos)', 'En un bol, machaca el plátano hasta obtener un puré. Añade el huevo y mezcla bien. Incorpora la harina de arroz, el polvo de hornear, la canela y la sal. Mezcla hasta obtener una masa homogénea. Agrega la bebida vegetal poco a poco, mezclando hasta que la masa tenga una consistencia adecuada para verter en la sartén. Calienta una sartén antiadherente a fuego medio y engrásala ligeramente con aceite de oliva. Vierte porciones de la masa en la sartén, formando tortitas del tamaño deseado. Cocina cada tortita durante aproximadamente 2-3 minutos por cada lado, o hasta que estén doradas y cocidas por dentro. Sirve calientes. Puedes acompañarlas con rodajas de plátano fresco o una compota de frutas sin azúcar añadida.', 'Harina de arroz integral en lugar de harina de trigo. Bebida vegetal sin azúcar en lugar de leche de vaca.', 15, 1, 'https://www.pinterest.com/pin/303289356163735064/'),
	(23, 'Tortilla Vegana de Patatas con Crudités', 'Pelar y cortar las patatas en rodajas finas y la cebolla en juliana. En una sartén antiadherente, saltear las patatas y la cebolla con aceite de oliva hasta que estén tiernas. Mezclar la harina de garbanzo con agua, sal y cúrcuma. Añadir las patatas y cebolla cocinadas. Verter la mezcla en la sartén y cocinar durante 5-7 minutos por cada lado. Servir con bastones de zanahoria, pepino y apio.', 'Harina de garbanzo en lugar de huevo', 30, 1, 'https://www.veganoporaccidentespain.com/receta-tortilla-de-patatas-vegana/'),
	(24, 'Ensalada Dulce de Frutos Rojos, Kiwi y Almendras', 'Lavar fresas y frambuesas. Cortar fresas y kiwi en trozos pequeños. Mezclar en bol. Añadir jugo de limón y edulcorante si se desea. Espolvorear almendras antes de servir.', 'Edulcorante natural en lugar de miel o azúcar.', 10, 1, 'https://www.recetasgratis.net/receta-de-ensalada-de-frutas-rojas-y-kiwi-71349.html'),
	(25, 'Porridge de Mijo con Manzana y Canela', 'Lavar el mijo. Cocinar en bebida de arroz con una pizca de sal a fuego bajo hasta que esté cremoso. Añadir manzana a mitad de cocción. Agregar canela y sirope de arroz opcionalmente. Servir caliente decorado con semillas de sésamo tostado.', 'Bebida vegetal de arroz en lugar de leche de vaca. Mijo como base sin gluten.', 25, 1, 'https://www.recetasgratis.net/receta-de-porridge-de-mijo-con-manzana-69287.html'),
	(26, 'Bowl Macrobiótico de Mijo con Verduras y Tahini', 'Lavar el mijo y cocerlo con agua y sal. Saltear las verduras en aceite de sésamo con jengibre. Mezclar tahini con tamari para crear salsa. Servir el mijo con verduras por encima y rociar con la salsa.', 'Salsa tamari en lugar de salsa de soja convencional (para evitar gluten). Tahini como fuente de grasa saludable. Mijo como cereal sin gluten.', 30, 1, 'https://www.lacocinadevero.com/buddha-bowl-macrobiotico/'),
	(27, 'Batido Verde de Pera, Perejil y Proteína de Guisante', 'Trocear la pera y colocar en licuadora con perejil, proteína de guisante, jugo de limón y bebida vegetal o agua. Triturar hasta obtener textura homogénea. Añadir hielo si se desea.', 'Proteína de guisante como fuente vegetal. Bebida vegetal en lugar de leche. Sin plátano ni frutos secos.', 5, 1, 'https://www.recetasgratis.net/receta-de-batido-verde-de-pera-y-perejil-71581.html'),
	(29, 'Tortilla de Espinacas con Aguacate y Cúrcuma', 'Bate los huevos junto con la cúrcuma, sal y pimienta. Calienta el aceite de coco y saltea las espinacas. Vierte los huevos sobre las espinacas y cocina hasta formar la tortilla. Sirve con rodajas de aguacate.', 'Ninguno necesario', 15, 1, 'https://www.recetasgratis.net/receta-de-tortilla-de-espinacas-con-aguacate-71643.html'),
	(30, 'Smoothie Antiinflamatorio de Frutos Rojos, Aguacate y Colágeno', 'En una licuadora, combina los frutos rojos congelados, el aguacate, la bebida vegetal, las semillas de chía, el colágeno en polvo, la cúrcuma, la pimienta negra y el jugo de limón. Licúa hasta obtener una mezcla suave y homogénea. Si deseas una consistencia más líquida, puedes añadir más bebida vegetal. Sirve en un vaso y decora con hojas de menta fresca si lo deseas. Disfruta inmediatamente para aprovechar al máximo sus nutrientes.', 'Semillas de chía en lugar de frutos secos para aportar ácidos grasos omega-3 y fibra. Bebida vegetal sin azúcar en lugar de leche convencional para evitar lácteos y azúcares añadidos. Colágeno hidrolizado en polvo como fuente de proteína sin recurrir a productos de origen animal completo.', 10, 2, 'https://www.hazteveg.com/receta/7869'),
	(32, 'Porridge de avena sin gluten con frutos rojos, chía y cúrcuma', 'Calentar bebida vegetal, añadir avena, cúrcuma, pimienta y canela. Cocinar removiendo hasta espesar. Agregar chía y reposar. Servir con frutos rojos, aceite de coco y miel opcional.', 'Avena sin gluten en lugar de avena común', 15, 1, 'https://www.recetasgratis.net/receta-de-gachas-de-avena-con-frutas-71699.html'),
	(33, 'Panqueques de Yuca y Coco sin Gluten', 'Mezclar harina de yuca, huevo, leche de coco, aceite, vainilla, sal y eritritol. Cocinar en sartén 2-3 min por lado. Servir tibios.', 'Harina de yuca sin gluten en lugar de harina de trigo. Leche de coco en lugar de leche animal.', 20, 2, 'https://www.recetasgratis.net/receta-de-panqueques-de-yuca-y-coco-sin-gluten-78942.html'),
	(34, 'Tostadas de Boniato con Hummus y Tomates Cherry', 'Cortar el boniato en lonchas y asar. Untar con hummus y cubrir con tomates cherry. Añadir sal, orégano y aceite. Servir caliente o templado.', 'Boniato en lugar de pan. Hummus sin tahini opcional como proteína vegetal.', 20, 1, 'https://www.recetasgratis.net/receta-de-tostadas-de-boniato-con-hummus-y-tomates-90002.html'),
	(35, 'Crepes de Harina de Sorgo con Ricotta Vegana y Frutas del Bosque', 'Mezclar harina de sorgo, huevo y bebida vegetal. Cocinar crepes. Rellenar con ricotta vegana y frutas. Servir con stevia si se desea.', 'Harina de sorgo sin gluten. Ricotta vegetal. Stevia en lugar de azúcar.', 20, 1, 'https://www.recetasvegansaludable.com/crepes-de-sorgo-con-ricotta-vegana-y-frutas'),
	(36, 'Porridge de Copos de Arroz con Frutas y Semillas', '1. En un cazo, calienta la bebida vegetal hasta que comience a hervir. 2. Añade los copos de arroz y cocina a fuego lento durante 5-7 minutos, removiendo ocasionalmente, hasta que la mezcla espese. 3. Incorpora las semillas de chía, las semillas de lino molidas y la canela. Mezcla bien y cocina por 2 minutos más. 4. Retira del fuego y deja reposar un par de minutos. 5. Sirve en un bol, añade el plátano en rodajas y los frutos rojos por encima. 6. Si lo deseas, añade un toque de sirope de agave para endulzar.', 'Se usaron copos de arroz y bebida vegetal sin frutos secos para evitar alérgenos.', 15, 1, 'https://www.huffingtonpost.es/life/salud/la-avena-queda-desactualizada-nuevo-desayuno-mazazo-colesterol-malo.html'),
	(37, 'Pa de Pessic con Harina de Arroz y Kiwi Oro', 'Precalentar horno a 180 °C. Separar claras y yemas. Batir claras a punto de nieve. Batir yemas con azúcar hasta esponjoso. Añadir ralladura, harina y polvo de hornear. Integrar claras suavemente. Hornear 30 minutos. Servir con kiwi oro fresco.', 'Harina de arroz integral en lugar de trigo. Azúcar de coco como opción saludable.', 40, 6, 'https://www.recetasparaninos.net/pa-de-pessic-con-harina-de-arroz-y-kiwi'),
	(38, 'Tostadas de Garbanzo Batido con Tomate y Orégano', 'Tritura garbanzos con sal, orégano y aceite. Tuesta pan. Ralla tomate y úntalo sobre el pan con garbanzo. Añade orégano y pimienta. Servir inmediatamente.', 'Garbanzos en lugar de aguacate o queso. Pan sin frutos secos.', 15, 1, 'https://www.recetassaludables.com/tostadas-de-garbanzo-y-tomate'),
	(39, 'Chips de Alga Nori con Sésamo y Paté de Berenjena', 'Cortar alga nori y untar con aceite de sésamo, espolvorear semillas y hornear 10-12 min a 150°C. Asar berenjenas 40 min, triturar con tahini, ajo, aceite de oliva, limón, comino, sal y pimienta. Servir el paté con las chips.', 'Tahini como alternativa cremosa saludable sin frutos secos ni lácteos.', 50, 2, 'https://www.elespanol.com/cocinillas/recetas/aperitivos-y-entrantes/20140325/pate-berenjena-receta-facil-rapida/1000045045502_30.html'),
	(40, 'Cereal crujiente horneado con yogur y uvas moscatel', 'Mezclar avena, semillas, canela y sal. Añadir puré de plátano y aceite. Formar grumos y hornear a 160 °C por 25 min. Enfriar y servir con yogur y uvas moscatel.', 'Puré de plátano en vez de miel. Yogur sin azúcar. Avena certificada sin gluten si se desea.', 35, 1, 'https://www.recetas-saludables.net/cereal-horneado-yogur-uvas'),
	(41, 'Gofre de Avena con Mermelada Casera de Cítricos y Chocolate 70%', 'Preparar la mermelada cocinando los cítricos con agua y luego mezclando con chía y stevia. Mezclar ingredientes del gofre y cocinar en gofrera. Servir con la mermelada y chocolate negro rallado.', 'Stevia en lugar de azúcar. Harina de avena y bebida vegetal sin azúcar en lugar de harina refinada y leche.', 25, 1, 'https://www.recetasgratis.net/receta-de-gofres-de-avena-con-mermelada-de-citricos-y-chocolate-71550.html'),
	(42, 'Muffins Salados con Té de Canela, Jengibre y Salvia (Desayuno funcional para diabetes)', 'Preparar los muffins batiendo huevos con bebida vegetal, añadir espinacas, queso cottage, harina de garbanzo, sal y pimienta. Hornear 25 min. Para el té: hervir agua con canela y jengibre 5 min, infusionar con salvia 10 min. Colar, enfriar y servir. Acompañar juntos.', 'Harina de garbanzo en vez de refinada. Bebida vegetal sin azúcar. Salvia en vez de moringa.', 30, 1, 'https://www.recetasgratis.net/receta-de-desayuno-funcional-muffins-y-te-de-salvia-89483.html'),
	(43, 'Crema fría de guisantes y menta', 'Hervir patata y guisantes en caldo de verduras. Triturar con menta. Ajustar textura. Sazonar. Refrigerar y servir con aceite y menta.', 'No se utilizaron sustitutos. Todos los ingredientes son naturalmente libres de pescado, gluten y frutos secos.', 20, 2, 'https://www.recetasgratis.net/receta-de-crema-fria-de-guisantes-y-menta-vegetariana-72123.html'),
	(44, 'Gazpacho de Melón y Pepino con Hierbabuena', 'Pelar y cortar melón y pepino. Triturar junto a hierbabuena, aceite, vinagre, sal y pimienta hasta obtener textura cremosa. Servir frío con hoja decorativa.', 'No se utilizaron sustitutos. Todos los ingredientes son naturalmente libres de gluten, pescado, marisco y frutos secos.', 10, 2, 'https://www.recetasgratis.net/receta-de-gazpacho-de-melon-y-pepino-con-hierbabuena-82391.html'),
	(45, 'Crema fría de calabacín y manzana sin gluten', 'Lavar y trocear el calabacín, la manzana y el puerro. Sofreír el puerro en aceite. Añadir el calabacín y la manzana. Incorporar caldo sin gluten y cocer. Triturar y enfriar. Servir fría.', 'Caldo de verduras sin gluten en lugar de otros con posibles trazas de gluten o pescado.', 25, 2, 'https://www.recetasparaceliacos.com/receta-crema-fria-de-calabacin-y-manzana'),
	(46, 'Sopa Juliana de Verduras Saludable', 'Lava y corta las verduras en juliana. Sofríe el ajo y puerro con aceite. Añade el resto de verduras, rehoga, agrega agua, sal y pimienta. Cocina 25 min. Sirve caliente.', 'No se utilizaron sustitutos. Todos los ingredientes son naturalmente sin gluten, sin frutos secos ni pescado.', 30, 2, 'https://www.recetasgratis.net/receta-de-sopa-juliana-de-verduras-saludable-94815.html'),
	(47, 'Ensalada de Remolacha, Naranja y Rúcula', 'Cortar la remolacha y la naranja. Lavar rúcula. Mezclar todos los ingredientes, añadir queso si se desea. Aliñar con aceite, vinagre, sal y pimienta. Servir fresca.', 'No se usaron sustitutos. Todos los ingredientes son naturalmente libres de gluten, frutos secos y pescado. El queso puede omitirse para una versión vegana.', 10, 2, 'https://www.recetasgratis.net/receta-de-ensalada-de-remolacha-naranja-y-rucula-79820.html'),
	(48, 'Gazpacho de Remolacha y Yogur Natural', 'Pelar y trocear remolacha, tomate, pepino y pimiento. Añadir ajo, aceite, vinagre, sal y pimienta. Triturar. Agregar yogur y volver a batir. Refrigerar. Servir frío.', 'No se utilizaron sustitutos, todos los ingredientes son naturalmente libres de frutos secos.', 15, 2, 'https://www.recetasgratis.net/receta-de-gazpacho-de-remolacha-con-yogur-80088.html'),
	(49, 'Rollitos de col rellenos de verduras con mayonesa de cilantro', 'Preparar las hojas de col blanqueándolas. Saltear las verduras cortadas en juliana. Enrollar el relleno en las hojas de col. Preparar la mayonesa de cilantro emulsionando el huevo con aceite, ajo, jugo de limón y cilantro. Servir los rollitos con la mayonesa.', 'Se ha utilizado aceite de girasol en lugar de aceite de oliva en la mayonesa para obtener un sabor más neutro y evitar posibles amargores.', 30, 2, 'https://www.recetasaludable.es/rollitos-col-verduras-mayonesa-cilantro'),
	(50, 'Tartaletas de Coliflor con Wok de Verduras y Salsa Cítrica', 'Preparar la base de coliflor mezclando coliflor rallada, huevo, queso, sal y pimienta. Hornear en moldes durante 20 minutos a 180°C. Saltear brócoli, zanahoria y pimiento con ajo en aceite de oliva. Preparar la salsa cítrica con zumo de naranja y limón, jengibre y maicena. Montar las tartaletas con las verduras y la salsa.', 'Se ha utilizado coliflor en lugar de harinas para la base, evitando el gluten y reduciendo los carbohidratos.', 45, 2, 'https://www.recetasgratis.net/receta-de-tartaletas-de-coliflor-con-verduras-y-salsa-citrica-70000.html'),
	(51, 'Escalivada de Berenjena, Calabacín y Pimientos con Salsa de Granada', 'Precalienta el horno a 200 °C. Lava y corta la berenjena, el calabacín y los pimientos en tiras o rodajas. Coloca las verduras en una bandeja de horno, rocíalas con el aceite de oliva, salpimienta al gusto y mezcla bien. Asa las verduras durante 25-30 minutos, volteándolas a mitad de cocción para que se doren uniformemente. Mientras se asan las verduras, prepara la salsa: en un bol, mezcla los granos de granada, la miel, el aceite de oliva, el zumo de limón y una pizca de sal. Remueve bien y reserva. Una vez asadas las verduras, colócalas en una fuente y vierte la salsa de granada por encima antes de servir.', 'No se han utilizado sustitutos; todos los ingredientes son naturalmente libres de frutos secos y adecuados para personas con colesterol alto.', 45, 2, 'https://www.recetasgratis.net/receta-de-escalivada-de-berenjena-calabacin-y-pimientos-con-salsa-de-granada-92502.html'),
	(52, 'Espárragos Verdes a la Plancha con Huevo Mollet y Vinagreta de Mostaza', 'Lava los espárragos y corta la base. Ásalos a la plancha 4-5 min. Cuece el huevo 6 min y pélalo. Mezcla aceite, vinagre, mostaza, sal y pimienta para la vinagreta. Sirve espárragos con huevo encima y vinagreta.', 'Mostaza sin gluten en lugar de mostaza convencional.', 15, 1, 'https://www.recetasgratis.net/receta-de-esparragos-a-la-plancha-con-huevo-y-vinagreta-78932.html'),
	(53, 'Rollitos de Calabacín con Queso Batido y Tomate Seco', 'Cortar el calabacín en tiras finas. Asarlas ligeramente. Mezclar queso batido con tomate seco, albahaca, sal y pimienta. Rellenar tiras y enrollar. Aliñar con aceite y limón.', 'Queso batido 0% grasa en lugar de ricotta tradicional.', 15, 1, 'https://www.recetaslightysaludables.com/rollitos-de-calacacin-queso-batido'),
	(54, 'Ensalada Tropical de Pepino, Piña y Hinojo', 'Lava y prepara todos los ingredientes según las indicaciones. En un bol grande, mezcla el pepino, la piña, el hinojo y la cebolla morada. En un recipiente pequeño, emulsiona el aceite de oliva con el zumo de limón, la sal y la pimienta. Vierte el aliño sobre la ensalada y mezcla suavemente para integrar los sabores. Decora con hojas de menta fresca y sirve inmediatamente.', 'El hinojo se utiliza como alternativa al regaliz, aportando un sabor similar sin los azúcares añadidos que suelen contener los productos de regaliz comerciales.', 15, 1, 'https://www.recetasgratis.net/receta-de-ensalada-tropical-de-pepino-pina-y-hinojo-70000.html'),
	(55, 'Pisto Saludable de Acelgas y Calabacín', 'Lavar y cortar las acelgas (pencas aparte), calabacín, pimiento, tomate, cebolla y ajo. Sofreír cebolla y ajo con aceite. Añadir pencas y pimiento. Agregar calabacín, hojas de acelga y tomate. Cocinar 15 min tapado. Servir caliente.', 'No se utilizaron sustitutos; todos los ingredientes son aptos para colesterol alto.', 25, 2, 'https://www.recetasgratis.net/receta-de-pisto-de-acelgas-y-calabacin-100003.html'),
	(56, 'Milhojas de Patata con Crema de Verduras y Salsa de Mango', 'Cortar patatas finas y cocer al vapor. Saltear verduras y triturar. Triturar mango con lima y menta. Montar milhojas alternando capas de patata y crema. Servir con salsa de mango.', 'No se utilizaron sustitutos; todos los ingredientes son aptos y naturales.', 30, 1, 'https://www.recetasgratis.net/receta-de-milhojas-de-patata-con-crema-de-verduras-y-salsa-de-mango-82341.html'),
	(57, 'Calabaza Asada con Za\'atar y Yogur Griego al Limón', 'Asar calabaza en gajos con aceite, za\'atar, sal y pimienta a 200°C durante 30 minutos. Preparar crema de yogur con ajo, zumo de limón y perejil. Servir calabaza caliente con la crema.', 'Yogur griego sin azúcar en lugar de salsas comerciales. Za\'atar opcional o casero.', 30, 2, 'https://www.recetasgratis.net/receta-de-calabaza-asada-con-yogur-y-zaatar-82377.html'),
	(58, 'Crema de Calabaza con Leche de Coco', 'Pelar y cortar verduras. Sofreír cebolla y ajo, añadir calabaza, zanahoria, patata y agua. Cocinar 20 min. Añadir leche de coco y triturar. Salpimentar y servir caliente.', 'Leche de coco sin azúcar en lugar de nata o lácteos tradicionales.', 30, 1, 'https://www.recetasgratis.net/receta-de-crema-de-calabaza-con-leche-de-coco-72301.html'),
	(59, 'Wok de Verduras al Curry con Tofu', 'Lava y corta verduras. Dora el tofu con ajo y jengibre. Añade verduras y cocina al dente. Agrega curry, soja y limón. Sirve caliente.', 'No contiene ingredientes alergénicos comunes. Se usa tofu en vez de carne o pescado.', 20, 2, 'https://www.recetasgratis.net/receta-de-wok-de-verduras-al-curry-con-tofu-88888.html'),
	(60, 'Ensalada tibia de bisaltos y champiñones al limón', 'Cocer los bisaltos al vapor 5 minutos. Saltear ajo en aceite, añadir champiñones, luego bisaltos. Aliñar con limón, sal y pimienta. Servir templado.', 'No se utilizaron sustitutos: todos los ingredientes son naturalmente aptos.', 15, 1, 'https://www.recetasgratis.net/receta-de-ensalada-tibia-de-bisaltos-y-champinones-89232.html'),
	(61, 'Pudding de Puerros y Zanahorias sobre Crema de Hinojo con Perejil y Arándanos Deshidratados', 'Precalienta el horno a 180 °C. Cocina los puerros y zanahorias en sartén o al vapor. Bate el huevo con leche vegetal, mezcla con verduras y hornea. Cocina y tritura el hinojo para hacer la crema. Sirve el pudding sobre la crema y decora con perejil y arándanos.', 'Leche vegetal sin azúcar. Sin gluten, sin frutos secos ni pescado.', 40, 1, 'https://www.recetas-saludables.net/pudding-puerros-zanahoria-hinojo'),
	(62, 'Ensalada templada de lentejas con verduras asadas', 'Asar verduras en dados (calabacín, berenjena, pimiento, cebolla). Mezclar con lentejas cocidas. Aliñar con aceite, vinagre, sal, pimienta y perejil picado. Servir templado o frío.', 'No se utilizaron frutos secos, ni gluten, ni ingredientes de alto contenido graso animal.', 25, 2, 'https://www.recetasvegetarianas.net/ensalada-templada-de-lentejas-y-verduras-asadas'),
	(63, 'Ensalada Thai de Papaya Verde sin Frutos Secos', 'Rallar papaya y zanahoria. Blanquear judías verdes. Preparar aliño con ajo, chile, zumo de lima, salsa de soja, salsa de pescado vegetal y eritritol. Mezclar todo con tomates cherry y servir fresca.', 'Salsa de pescado vegetal en lugar de animal. Eritritol como edulcorante sin impacto glucémico.', 15, 2, 'https://www.recetasgratis.net/receta-de-ensalada-thai-de-papaya-verde-sin-frutos-secos-98521.html'),
	(64, 'Ocras Salteadas con Tomate y Albahaca (Estilo Norteafricano)', 'Lavar y cortar ocras en rodajas. Sofreír ajo en aceite de oliva. Añadir ocras y saltear. Agregar tomates cherry y comino. Cocinar unos minutos más. Retirar del fuego y añadir sal, limón y albahaca troceada. Servir templado.', 'Ninguno. Todos los ingredientes son naturalmente libres de gluten, frutos secos y pescado.', 20, 1, 'https://www.recetasgratis.net/receta-de-ocras-salteadas-con-tomate-y-albahaca-73820.html'),
	(65, 'Ensalada templada de higos y tofu a la parrilla con aliño de harissa y limón', 'Mezclar aceite, zumo de limón, harissa, cilantro, sal y pimienta. Asar el tofu y los higos en parrilla. Tostar nueces. Mezclar los brotes frescos y añadir el tofu, los higos y las nueces. Aliñar justo antes de servir.', 'Se sustituyó la mostaza por aliño de harissa, limón y cilantro. Se añadió mezcla de brotes.', 20, 1, 'https://www.recetasvegetarianas.net/ensalada-parrilla-higos-tofu-harissa'),
	(66, 'Ensalada Niçoise Adaptada con Judías Verdes y Huevo', 'Cocer judías verdes y huevo por separado. Cortar patata cocida, tomate cherry, pimiento y mezclar con aceitunas. Añadir el huevo en cuartos. Aliñar con aceite, vinagre, sal y pimienta. Servir fría.', 'Huevo duro en lugar de pescado. Patata enfriada como hidrato de índice glucémico bajo.', 20, 1, 'https://www.recetasgratis.net/receta-de-ensalada-nicoise-sin-pescado-82490.html'),
	(67, 'Curry suave de Espinacas, Tomate y Calabaza', 'Pelar y cortar calabaza. Cocinar al vapor. Sofreír cebolla, ajo y jengibre. Añadir tomate, luego calabaza, espinacas y curry. Agregar leche de coco, sal y pimienta. Cocinar hasta espesar. Servir caliente.', 'Leche de coco ligera en lugar de crema para hacerla apta para colesterol.', 25, 1, 'https://www.recetasgratis.net/receta-de-curry-de-espinacas-tomate-y-calabaza-vegetariano-aptos-72500.html'),
	(68, 'Brochetas de Verduras Asadas con Ensalada Oriental de Pepino y Sésamo', 'Cortar las verduras. Insertar en brochetas. Pintar con mezcla de aceite, soja y pimienta. Asar 15-20 minutos. Preparar ensalada cortando pepino y mezclando con vinagre, salsa de soja, sésamo y aceite de sésamo. Servir todo junto.', 'Salsa de soja sin gluten. Aceite de sésamo opcional, no es un fruto seco.', 30, 2, 'https://www.recetasgratis.net/receta-de-brochetas-de-verduras-con-ensalada-oriental-79221.html'),
	(69, 'Rollitos de Calabacín con Tempeh Marinado y Salsa de Yogur, Lima y Hierbabuena', 'Cortar el tempeh y marinarlo con tamari, vinagre, jengibre, ajo, aceite, sal y pimienta. Cortar verduras. Saltear tempeh. Rellenar tiras de calabacín con tempeh y vegetales y enrollar. Preparar la salsa mezclando yogur vegetal, zumo y ralladura de lima, hierbabuena picada, aceite y sal. Servir rollitos con salsa aparte.', 'Tempeh de garbanzos en lugar de soja. Salsa tamari sin gluten. Yogur vegetal sin azúcar en lugar de yogur animal.', 45, 2, 'https://www.recetasvegetarianas.net/rollitos-de-calabacin-con-tempeh-y-salsa-citricos'),
	(70, 'Sopa de Miso con Setas Shiitake', 'Limpia las setas, córtalas. Corta tofu en cubos y la cebolleta. Hierve agua con setas y alga wakame. Añade miso disuelto, luego tofu y cebolleta. Sirve caliente.', 'Se usó miso blanco sin pescado y wakame libre de trazas marinas.', 20, 2, 'https://www.recetasgratis.net/receta-de-sopa-de-miso-con-setas-shiitake-88201.html'),
	(71, 'Bowl de Garbanzos Asados con Arroz Integral y Verduras al Curry', 'Precalienta el horno y asa los garbanzos con curry, sal y aceite. Saltea cebolla, ajo, zanahoria y brócoli. Sirve con arroz integral y garbanzos encima.', 'No se usaron ingredientes alérgenos. Todo es naturalmente libre de pescado y marisco.', 35, 2, 'https://www.recetasgratis.net/receta-de-bowl-de-garbanzos-asados-con-arroz-integral-y-verduras-79045.html'),
	(72, 'Pasta Integral con Pollo al Tomillo y Verduras Asadas', 'Cocer pasta. Cocinar el pollo con tomillo. Asar verduras. Mezclar todo y servir caliente con más tomillo si se desea.', 'No se usaron ingredientes alérgenos. Receta naturalmente libre de pescado y frutos secos.', 35, 2, 'https://www.recetasgratis.net/receta-de-pasta-integral-con-pollo-y-verduras-asadas-79072.html'),
	(73, 'Berenjena Asada con Tofu Marinado al Estilo Oriental', 'Corta berenjena, deja reposar con sal. Marina tofu en tamari, jengibre y ajo. Asa la berenjena 30 min. Saltea las verduras, añade tofu y mezcla. Sirve sobre la berenjena. Añade sésamo al gusto.', 'Salsa tamari sin gluten como sustituto de soja. Tofu como proteína vegetal en vez de pescado.', 40, 2, 'https://www.recetasgratis.net/receta-de-berenjena-asada-con-tofu-marino-estilo-oriental-70021.html'),
	(74, 'Papillote de Pavo con Verduras y Boniato Asado', 'Precalentar el horno. Hornear boniato en cubos con aceite. Cortar verduras en juliana. Colocar el pavo con verduras y condimentos en papel para papillote. Hornear 20 min. Servir con boniato asado.', 'No se usaron sustitutos. Todos los ingredientes son aptos para personas con alergias y enfermedades indicadas.', 40, 1, 'https://www.recetasgratis.net/receta-de-papillote-de-pavo-con-verduras-y-boniato-98311.html'),
	(75, 'Tajine de Garbanzos con Verduras y Cuscús Integral', 'Sofríe la cebolla con especias. Añade zanahoria, calabacín, pasas y garbanzos. Cocina tapado 10 min. Hidrata el cuscús con agua caliente. Sirve con el tajine encima y decora con cilantro.', 'No contiene sustitutos específicos; todos los ingredientes son naturalmente aptos.', 30, 2, 'https://www.recetasgratis.net/receta-de-tajine-de-garbanzos-con-verduras-y-cuscus-80310.html'),
	(76, 'Chuleta de cerdo sazonada al estilo sureño con salsa de mango y guarnición de arroz y verduras baby', 'Preparar salsa triturando mango, vinagre, miel, jengibre y agua. Sazonar la chuleta con chile, azúcar, sal y pimienta. Cocinar a la plancha: marcar fuerte, bajar, luego subir para caramelizar. Acompañar con arroz integral y verduras al vapor.', 'Sin frutos secos, sin gluten, sin pescado. Azúcar en cantidad mínima.', 40, 1, 'https://www.recetasgratis.net/receta-de-chuleta-de-cerdo-al-estilo-sureño-con-salsa-de-mango-80399.html'),
	(77, 'Pollo al Curry con Arroz Basmati y Verduras', 'Cocina el arroz. Sofríe ajo y cebolla. Añade el pollo y verduras. Incorpora leche de coco y curry. Cocina 10 min. Sirve con arroz.', 'Ninguno necesario; todos los ingredientes son naturalmente sin gluten ni frutos secos.', 30, 2, 'https://www.recetasgratis.net/receta-de-pollo-al-curry-con-arroz-basmati-sin-gluten-100000.html'),
	(78, 'Espaguetis “Picante Verde” con Solomillo y Rúcula', 'Cocer espaguetis. Saltear solomillo con ajo y chile, añadir tomates secos, aceitunas, tirabeques y cherry. Mezclar con la pasta, rúcula y parmesano. Servir caliente.', 'Espagueti integral usado por su bajo índice glucémico. No se usaron frutos secos ni azúcares.', 30, 2, 'https://www.recetasgratis.net/receta-de-espaguetis-picante-verde-solomillo-rucula-98765.html'),
	(79, 'Susurro del Estrecho', 'Cocinar el bulgur con agua y sal durante 12-15 minutos. En sartén, sofreír ajo y guindilla en aceite. Añadir langostinos y saltear. Agregar Jerez y reducir. Servir sobre bulgur y decorar con perejil.', 'No se utilizaron frutos secos ni ingredientes con colesterol perjudicial.', 25, 2, 'https://www.recetasgratis.net/receta-de-langostinos-bulgar-jerez-susurro-del-estrecho-78621.html'),
	(80, 'Salmón al Horno con Ensalada Verde', 'Hornear el salmón salpimentado a 180 °C por 12-15 min. Preparar salsa de yogur, pepino y limón. Mezclar canónigos, salvia roja y espinacas con vinagreta de granada. Servir todo junto.', 'Yogur desnatado en vez de salsas grasas. Vinagreta casera ligera en lugar de aderezos procesados.', 25, 1, 'https://www.recetasgratis.net/receta-de-salmon-al-horno-con-ensalada-verde-78921.html'),
	(81, 'Chuletillas de Cordero con Menta y Quinoa con Albaricoques', 'Marinar chuletillas con ajo, menta, aceite, sal y pimienta. Asar por ambos lados. Cocer quinoa con caldo. Mezclar con cebolla y albaricoques picados. Servir las chuletillas sobre la quinoa con un toque de limón.', 'Quinoa en lugar de cuscús tradicional con gluten.', 30, 1, 'https://www.recetasgratis.net/receta-de-chuletillas-de-cordero-con-quinoa-y-albaricoques-79000.html'),
	(82, 'Pollo al Horno con Puré de Coliflor y Espárragos Verdes', 'Precalienta el horno a 200 °C. Sazona el muslo de pollo con sal, pimienta y romero. Hornéalo 30-35 minutos. Cuece la coliflor, tritúrala con ajo y aceite. Saltea los espárragos. Sirve todo caliente.', 'No se utilizaron sustitutos; todos los ingredientes son naturalmente sin gluten.', 45, 1, 'https://www.recetasgratis.net/receta-de-pollo-al-horno-con-pure-de-coliflor-y-esparragos-89641.html'),
	(83, 'Curry Saag de Pierna de Cordero Magra con Espinacas y Arroz Basmati', 'Cocinar arroz basmati. Sellar cordero magro. Sofreír cebolla, ajo y jengibre. Añadir especias y espinacas. Incorporar yogur vegetal y el cordero. Cocinar todo junto. Servir con arroz.', 'Yogur vegetal en lugar de yogur lácteo. Cordero magro sin grasa visible.', 45, 2, 'https://www.recetasgratis.net/receta-de-curry-saag-de-cordero-con-espinacas-69148.html'),
	(84, 'Caballa al Estilo Thai con Ensalada de Pepino y Lenteja Verdina', 'Marinar la caballa con salsa de pescado, jugo de lima, jengibre, ajo y aceite de sésamo. Preparar la ensalada mezclando pepino, cebolla, lenteja verdina cocida y cilantro, aderezada con vinagre de arroz y aceite de oliva. Cocinar la caballa en sartén y servir con la ensalada.', 'Se ha utilizado caballa, un pescado azul rico en ácidos grasos omega-3. Lenteja verdina en lugar de lentejas comunes, ideal para ensaladas por su textura firme.', 30, 2, 'https://www.recetasaludables.org/caballa-thai-ensalada-pepino-lenteja-verdina'),
	(85, 'Pipián Rojo con Jaca Deshilachada', 'Escurrir y desmenuzar la jaca verde. Hidratar los chiles secos en agua caliente. Tostar las semillas de calabaza. Licuar chiles, tomates, ajo, cebolla, semillas, comino, orégano, sal y agua hasta obtener una salsa. Sofreír la jaca en aceite de oliva, añadir la salsa y cocinar hasta que espese. Servir con arroz integral o tortillas de maíz y ensalada fresca.', 'La jaca verde se utiliza como sustituto vegetal de la carne, aportando una textura similar sin grasas saturadas. Las semillas de calabaza aportan grasas saludables y proteínas vegetales.', 45, 2, 'https://elpais.com/us/proyecto-cocina/2024-12-17/pipian-rojo.html'),
	(86, 'Buddha Bowl Antiinflamatorio con Lentejas, Calabaza y Cúrcuma', 'Asar calabaza con cúrcuma. Cocinar quinoa y brócoli. Mezclar lentejas con limón. Disponer todo en un bol con repollo crudo. Aliñar con aceite, limón y decorar con menta.', 'Quinoa en lugar de cereales con gluten. Lentejas como proteína vegetal.', 35, 1, 'https://www.recetasfit.org/receta-buddha-bowl-lentejas-calabaza-antinflamatorio'),
	(87, 'Saltimbocca de Pollo con Polenta Cremosa', 'Preparar la saltimbocca: Aplanar los filetes de pollo, sazonar, colocar salvia y jamón, enrollar y cocinar en aceite de oliva. Añadir vino blanco y reducir. Preparar la polenta: Hervir agua con sal, añadir polenta en forma de lluvia, cocinar hasta que esté cremosa y añadir aceite de oliva. Servir la polenta con los rollos de saltimbocca.', 'Jamón cocido bajo en sodio en lugar de prosciutto; aceite de oliva en lugar de mantequilla.', 30, 2, 'https://www.elnueve.com.ar/escuela-de-cocina/31060-aprende-cocinar-saltimbocca-la-romana-con-polenta-cremosa'),
	(88, 'Albóndigas de Pavo con Salsa Thai y Ensalada Tibia con Vinagreta de Manzana', 'Formar albóndigas con pavo, huevo, soja, ajo, jengibre, cilantro y cebolla. Hornear. Preparar salsa Thai con coco y lima. Cocinar verduras al vapor y aliñar con AOVE, vinagre de manzana y sal. Servir todo junto.', 'Salsa de soja sin gluten, vinagre de manzana sin filtrar como ácido.', 40, 2, 'https://www.recetas-saludables.net/pavo-thai-con-ensalada-verde'),
	(89, 'Pollo al Curry con Lentejas Rojas', 'Lavar lentejas. Cortar pollo en dados. Sofreír cebolla, ajo y jengibre. Añadir curry y pollo. Incorporar lentejas, agua y cocinar 20 min. Añadir limón antes de servir.', 'No se utilizaron sustitutos. Todos los ingredientes son naturalmente libres de gluten, frutos secos y pescado.', 30, 2, 'https://www.recetas-sanas.com/receta/pollo-curry-lentejas-rojas'),
	(90, 'Pisto Manchego con Huevo al Horno', 'Lava y corta todas las verduras. Sofríe la cebolla, luego los pimientos, luego la berenjena y calabacín. Añade el tomate, cocina 20 min. Coloca en cazuela, añade un huevo encima y hornea hasta cuajar. Servir caliente.', 'No se utilizaron sustitutos. Todos los ingredientes son naturalmente libres de pescado, frutos secos y bajos en grasas saturadas.', 45, 2, 'https://www.recetasderechupete.com/receta-de-pisto-manchego-con-huevo/26623/'),
	(91, 'Brochetas de Solomillo al Roquefort con Verduras y Patatas al Tomillo', 'Cortar el solomillo en dados. Marinar con leche, ajo, perejil, pan rallado, sal y pimienta durante 1 hora. Montar las brochetas con carne, tomates cherry y pimientos. Cocinar hasta dorar. Fundir roquefort para salsa. Cocer patatas, pelarlas y aliñar con aceite, tomillo, sal y pimienta. Servir todo caliente.', 'Pan rallado sin gluten en lugar de pan convencional.', 60, 2, 'https://www.recetasgratis.net/receta-de-brochetas-de-solomillo-al-roquefort-con-patatas-82132.html'),
	(92, 'Soufflé de Coliflor con Salsa de Albahaca y Ensalada Fresca', 'Cocinar coliflor al vapor y triturar. Mezclar con yemas, queso batido, harina de maíz, sal, pimienta y nuez moscada. Añadir claras montadas. Hornear en moldes. Triturar ingredientes de salsa y calentar. Preparar ensalada y aliñar. Servir todo junto.', 'Harina de maíz en lugar de trigo. Bebida vegetal en lugar de nata.', 45, 2, 'https://www.recetasgratis.net/receta-de-souffle-de-coliflor-con-salsa-de-albahaca-y-ensalada-fresca-89873.html'),
	(93, 'Sardinas en papillote con compota de tomate', 'Preparar compota de tomate con ajo, aceite, sal, pimienta y tomillo. Hornear las sardinas en papillote con la compota. Cortar patatas finas, remojar en agua fría, secar y freír. Servir con crackers de arroz o regañás sin gluten.', 'Crackers de arroz inflado o regañás sin gluten en lugar de regañás tradicionales.', 40, 2, 'https://www.recetasgratis.net/receta-de-sardinas-en-papillote-con-compota-de-tomate-89651.html'),
	(94, 'Lasaña Vegetal con Proteína de Guisante (sin pasta)', 'Hidratar proteína de guisante. Asar calabacín, berenjena y pimiento. Sofreír cebolla y ajo, añadir proteína y tomate. Montar capas en fuente y hornear. Servir caliente.', 'Proteína vegetal de guisante en vez de carne; láminas de verduras en lugar de pasta.', 45, 2, 'https://www.recetasgratis.net/receta-de-lasana-vegetal-sin-pasta-con-proteina-de-guisante-80201.html'),
	(95, 'Albóndigas de Lentejas con Brócoli al Vapor', 'Triturar lentejas y mezclar con zanahoria, huevo, avena sin gluten, ajo y perejil. Formar albóndigas y hornear. Cocinar tomate para salsa. Cocer brócoli al vapor, aliñar con limón y aceite. Servir todo junto.', 'Avena sin gluten en lugar de pan rallado tradicional.', 40, 2, 'https://www.recetas-saludables.net/albondigas-lentejas-brocoli'),
	(96, 'Salteado de Espaguetis de Mar con Verduras y Tofu', 'Hidratar espaguetis de mar. Dorar tofu. Saltear verduras. Añadir algas, tofu, salsa de soja, ajo y jengibre. Cocinar todo junto. Servir caliente.', 'Salsa de soja sin gluten y tofu como alternativa proteica sin colesterol.', 30, 2, 'https://www.recetasaludable.net/espaguetis-mar-con-verduras-y-tofu'),
	(97, 'Pechuga de Pollo al Koji con Verduras Asadas', 'Marinar el pollo con koji. Asar verduras con aceite, sal y pimienta. Añadir el pollo a mitad de cocción y hornear hasta dorar. Servir caliente.', 'No se utilizaron frutos secos ni ingredientes con gluten. El koji es sin gluten.', 60, 1, 'https://www.recetasgratis.net/receta-de-pollo-al-koji-con-verduras-asadas-82301.html'),
	(98, 'Croquetas de Ortigas y Setas con Soja Texturizada, Espárragos a la Brasa y Salsa de Tomate Casera', 'Preparar croquetas con soja, ortigas y setas. Hornear o dorar en sartén. Asar espárragos trigueros. Preparar salsa cocinando tomate triturado con ajo, orégano, sal y pimienta. Servir todo junto.', 'Pan rallado sin gluten y harina de garbanzo. Salsa sin azúcar ni aceites industriales.', 50, 2, 'https://www.recetasveganas.net/croquetas-ortigas-setas-soja-con-esparragos-y-tomate'),
	(99, 'Habas a la Siciliana con Guisantes y Alcachofas', 'Sofreír cebolla y ajo en aceite. Añadir tomate, orégano, sal y pimienta, cocinar 10 min. Agregar habas, guisantes y alcachofas. Cocinar 20 min más. Añadir vinagre, mezclar y servir caliente.', 'Todos los ingredientes son naturalmente sin gluten, frutos secos ni pescado.', 45, 2, 'https://www.recetasgratis.net/receta-de-habas-guisantes-y-alcachofas-a-la-siciliana-73402.html'),
	(100, 'Paella de Mariscos con Almendras Tostadas', 'Tostar almendras. Sofreír ajo, pimiento y tomate. Añadir calamares y saltear. Agregar arroz y caldo con azafrán, cocer 10 min. Añadir gambas y mejillones, cocer 10 min más. Añadir almendras, reposar y servir.', 'Ninguno. Todos los ingredientes tradicionales con gluten, frutos secos y mariscos.', 45, 4, 'https://www.recetasgratis.net/receta-de-paella-de-mariscos-con-almendras-80001.html'),
	(102, 'Espuma de Mandarina con Mermelada de Frambuesas y Virutas de Chocolate Negro', 'Preparar mermelada de frambuesa cocinando con azúcar y agua. Hidratar gelatina y disolver en zumo caliente. Mezclar con más zumo y luego con nata montada. Enfriar en copas. Servir con mermelada y virutas de chocolate.', 'Sin frutos secos ni pescado. Chocolate libre de trazas. Se puede usar nata vegetal.', 25, 2, 'https://www.recetasgratis.net/receta-de-espuma-de-mandarina-con-mermelada-de-frambuesas-98765.html'),
	(103, 'Savarin de Castañas', 'Precalienta el horno a 180 °C. Bate los huevos con el azúcar hasta espumar. Agrega aceite, leche vegetal y vainilla. Añade harina de castaña, polvo de hornear y sal. Mezcla bien. Vierte en molde savarín y hornea 25-30 min. Deja enfriar, desmolda y decora con virutas de chocolate.', 'Harina de castaña sin gluten en lugar de trigo. Leche vegetal sin trazas de pescado.', 40, 6, 'https://www.recetasgratis.net/receta-de-savarin-de-castanas-sin-gluten-72521.html'),
	(104, 'Biscuit de Manzana con Chocolate Blanco sin Azúcar', 'Precalienta el horno. Mezcla huevo, leche vegetal, stevia y manzana. Añade harina, polvo de hornear y canela. Hornea 20 min. Funde chocolate blanco sin azúcar con leche vegetal. Sirve tibio con chocolate caliente.', 'Stevia en lugar de azúcar refinado. Chocolate blanco sin azúcar. Harina de avena para mejor control glucémico.', 30, 2, 'https://www.recetasfit.net/biscuit-manzana-con-chocolate-blanco-sin-azucar'),
	(105, 'Copa de Queso Cremoso con Mermelada de Arándanos', 'Colocar capas de queso batido y mermelada en una copa. Decorar con arándanos frescos, avena y menta. Servir frío.', 'Queso batido 0% en lugar de queso crema. Mermelada sin azúcar en lugar de convencional.', 10, 1, 'https://www.recetasgratis.net/receta-de-copa-de-queso-con-mermelada-de-arandanos-light-82300.html'),
	(106, 'Helado Frito de Cassis con Bizcocho Genovés y Flambeado al Cointreau', 'Preparar bizcocho genovés y helado de cassis. Formar bolas de helado, envolver con bizcocho, rebozar y freír. Flambear con licor cítrico. Decorar con azúcar glas.', 'Opción de usar helado y bizcocho comercial sin frutos secos.', 180, 2, 'https://www.recetas-innovadoras.net/helado-frito-cassis-genoves-flambeado'),
	(107, 'Bavaroise de Limón', 'Preparar la bavaroise: calentar leche con ralladura de limón. Batir yemas con azúcar, mezclar con leche caliente y espesar al fuego. Añadir gelatina, zumo y vainilla. Dejar enfriar. Incorporar nata montada. Verter en moldes y refrigerar. Para el limón confitado: hervir juliana de piel de limón 3 veces. Cocer en almíbar de agua y azúcar hasta que esté translúcida. Decorar la bavaroise con las tiras confitadas.', 'No se usaron ingredientes con gluten ni frutos secos.', 35, 4, 'https://www.recetasgratis.net/receta-de-bavaroise-de-limon-sin-gluten-sin-frutos-secos-100001.html'),
	(108, 'Natillas Veganas de Coco y Vainilla', 'Calienta la bebida de coco con canela y vainilla. Añade maicena disuelta, stevia y cúrcuma. Remueve hasta espesar. Refrigera 2 horas.', 'Bebida vegetal de coco en lugar de leche de vaca; stevia como edulcorante; receta sin frutos secos ni huevo.', 15, 2, 'https://www.recetasgratis.net/receta-de-natillas-veganas-de-coco-y-vainilla-100001.html'),
	(109, 'Pastel de Naranja al Vapor', 'Batir huevos con azúcar de coco. Añadir aceite, zumo y ralladura. Incorporar harina con polvo de hornear y sal. Cocinar al vapor 35-40 min. Para la crema: hervir hierbabuena, triturar, colar, añadir agar-agar y hervir 1 min. Enfriar hasta gelificar. Decorar con gotas de gel en el plato.', 'Azúcar de coco en lugar de azúcar blanca. Aceite de oliva en vez de mantequilla. Harina de avena integral como alternativa saludable.', 50, 4, 'https://www.recetasgratis.net/receta-de-pastel-de-naranja-al-vapor-con-crema-de-hierbabuena-94822.html'),
	(110, 'Tarta de Queso Neoyorquina Sin Gluten', 'Triturar galletas sin gluten y mezclar con mantequilla derretida. Forrar molde. Batir queso crema con azúcar, huevos, nata, vainilla y limón. Verter sobre base y hornear 50 min a 160 °C. Enfriar en horno apagado. Refrigerar 4h antes de servir.', 'Galletas sin gluten en lugar de tradicionales. Queso crema sin lactosa.', 70, 6, 'https://www.recetasgratis.net/receta-de-tarta-de-queso-neoyorquina-sin-gluten-79990.html'),
	(111, 'Crepes de Arándanos con Helado de Plátano (sin gluten y sin azúcar añadida)', 'Mezclar huevo, harina de avena, bebida vegetal y canela. Cocinar en sartén con aceite de coco. Triturar plátano congelado con limón para el helado. Cocinar arándanos con agua y stevia para compota. Servir crepes con compota y helado.', 'Harina de avena sin gluten en lugar de harina común. Plátano y stevia en lugar de azúcar. Bebida vegetal sin azúcar en lugar de leche.', 20, 1, 'https://www.recetasgratis.net/receta-de-crepes-de-arandanos-con-helado-de-platano-sin-gluten-101010.html'),
	(112, 'Sopa fría de melón con menta, tejas de chocolate blanco sin azúcar y gelée de grosellas', 'Triturar el melón con menta, lima y agua. Derretir chocolate con aceite de coco y hacer tejas. Calentar grosellas, añadir gelatina y formar gelée. Servir sopa con dados de gelée y teja de chocolate encima.', 'Chocolate blanco sin azúcar, eritritol en lugar de azúcar, gelatina neutra sin aditivos.', 40, 2, 'https://www.recetasgratis.net/receta-de-sopa-fria-de-melon-y-tejas-de-chocolate-blanco-menta-grose-88920.html'),
	(113, 'Panacota de Pomelo con Confitura de Rosas y Cava', 'Preparar confitura cocinando pétalos de rosa en cava con eritritol y agar-agar. Para la panacota, hervir bebida vegetal con pomelo, stevia y agar-agar. Añadir cava, verter en moldes y refrigerar. Servir con confitura y decorar con pomelo y menta.', 'Se utiliza bebida vegetal, edulcorantes naturales, y agar-agar como gelificante vegetal.', 30, 2, 'https://www.recetas-aptas.com/panacota-de-pomelo-confitura-rosas-cava'),
	(114, 'Tarta Tatin Saludable de Manzana con Caramelo de Canela', 'Pelar y cortar las manzanas. Cocinarlas con aceite de coco, eritritol, canela y vainilla hasta caramelizar. Colocar en molde y cubrir con masa filo. Hornear a 180°C hasta dorar. Desmoldar tipo tatin y servir templado.', 'Eritritol en lugar de azúcar, masa filo en lugar de hojaldre con mantequilla, aceite de coco en lugar de mantequilla.', 25, 2, 'https://www.recetasgratis.net/receta-de-tarta-tatin-saludable-de-manzana-y-canela-93721.html'),
	(115, 'Coulant de Chocolate Negro sobre Natilla de Kumquat', 'Preparar coulant: derretir chocolate y mantequilla, mezclar con huevo, eritritol, sal y harina de almendra. Verter en molde, congelar 1h y hornear 8-9 min. Preparar natilla: calentar bebida vegetal con kumquat triturado, mezclar con yema, maicena y eritritol. Cocinar hasta espesar. Servir con coulant caliente sobre natilla.', 'Eritritol en lugar de azúcar, harina de almendra en lugar de harina refinada, bebida vegetal sin azúcar en lugar de leche.', 45, 1, 'https://www.recetadiabeticos.com/coulant-chocolate-natilla-kumquat'),
	(117, 'Bizcocho Esponjoso de Kuzu, Jengibre y Lemongrass', 'Precalentar horno a 180 °C. Infusionar hojas de lima y lemongrass. Mezclar yemas, edulcorante, aceite, jengibre, vainilla e infusión. Agregar harina, kuzu y levadura. Incorporar claras montadas. Verter en molde y hornear 25 min.', 'Harina de arroz en lugar de trigo. Stevia en vez de azúcar. Kuzu como espesante natural.', 35, 2, 'https://www.recetas-sinlimite.com/bizcocho-kuzu-jengibre-lemongrass'),
	(118, 'Ensalada de Higos Braseados con Queso Halloumi y Uvas Moscatel, con Helado de Vinagre de Manzana', 'Brasear higos cortados por la mitad con aceite de oliva. Brasear queso halloumi en rebanadas hasta dorar. Cortar uvas Moscatel por la mitad. Servir todo junto con una bola de helado de vinagre de manzana. Disfrutar.', 'Se utilizó edulcorante en el helado y bebida vegetal para hacerlo apto para diabéticos y sin lactosa ni gluten.', 60, 2, 'https://www.recetasgratis.net/ensalada-higos-halloumi-uvas-helado-vinagre-manzana-12346.html'),
	(119, 'Helado de Vinagre de Manzana sin Azúcar', 'Mezclar bebida vegetal, vinagre, eritritol, sal, vainilla y goma xantana. Batir bien y refrigerar 30 min. Procesar en heladera o congelar removiendo cada 30 min por 2 h.', 'Edulcorante natural y bebida vegetal sin azúcar en lugar de leche y azúcar convencional.', 30, 4, 'https://www.recetasgratis.net/receta-helado-vinagre-manzana-12347.html'),
	(120, 'Tostadas de Pan Integral con Sardinas, Aguacate y Tomates Cherry', 'Tostar pan. Machacar aguacate con limón, sal y pimienta. Untar sobre pan. Añadir sardinas escurridas y tomates cherry cortados. Rociar con aceite de oliva. Servir.', 'Ninguno. Todos los ingredientes son aptos tal como se presentan.', 15, 1, 'https://www.recetasgratis.net/receta-de-tostadas-con-sardinas-aguacate-y-tomates-89745.html'),
	(121, 'Revuelto de Salmón con Espinacas y Nueces', 'Saltear espinacas en aceite. Añadir salmón. Verter huevos batidos y cocinar hasta cuajar. Agregar nueces y cebollino al final.', 'No se utilizaron sustitutos; todos los ingredientes son naturalmente sin gluten.', 15, 1, 'https://www.recetasdesalud.com/revuelto-salmon-espinacas-nueces'),
	(122, 'Tortilla de Bacalao con Patatas y Cebolla', 'Pelar y cortar patatas y cebolla. Sofreír en aceite. Añadir bacalao y saltear. Mezclar con huevos batidos (y harina si se desea). Cocinar tortilla por ambos lados. Servir caliente.', 'Se usa harina de trigo para espesar y aportar gluten.', 25, 2, 'https://www.recetasgratis.net/receta-de-tortilla-de-bacalao-con-patatas-68599.html'),
	(123, 'Blinis integrales con salmón, huevo y crema ácida', 'Mezclar harina, polvo de hornear y sal. Añadir huevo, leche y yogur. Cocinar blinis en sartén. Cocer un huevo. Servir blinis con crema ácida, salmón, rodaja de huevo y eneldo.', 'Harina integral en vez de refinada para mejorar el índice glucémico.', 25, 2, 'https://www.recetasgratis.net/receta-de-blinis-integrales-con-salmon-huevo-y-crema-89333.html'),
	(124, 'Brownie de Avena y Nueces sin Azúcar Refinada', 'Precalienta el horno a 180 °C. Tritura los plátanos. Añade huevos, aceite y vainilla. Incorpora harina de avena, cacao, polvo de hornear y sal. Agrega nueces picadas. Vierte en molde. Hornea 20-25 min. Enfriar antes de servir.', 'Plátano en lugar de azúcar refinado. Harina de avena en lugar de harina de trigo.', 30, 6, 'https://www.recetasgratis.net/receta-de-brownie-de-avena-y-nueces-saludable-81922.html'),
	(125, 'Brazo de Gitano de Tiramisú con Almendras', 'Precalienta horno a 180°C. Bate yemas con azúcar y vainilla. Añade harina y almendras. Incorpora claras montadas. Hornea 12 min. Enrolla en caliente. Bate nata con azúcar, añade mascarpone y café. Rellena el bizcocho, enrolla y enfría. Espolvorea cacao antes de servir.', 'Ninguno. Se ha usado harina de trigo y almendras directamente.', 40, 6, 'https://www.recetasgratis.net/receta-de-brazo-de-gitano-de-tiramisu-con-almendras-81200.html'),
	(126, 'Galletas de Manteca con Anacardos y Chocolate', 'Precalentar el horno a 180°C. Batir manteca con azúcar. Añadir yema y vainilla. Mezclar con harina y sal. Incorporar anacardos y chips de chocolate. Formar galletas y hornear 12-15 min. Dejar enfriar.', 'No se utilizaron sustitutos. Todos los ingredientes son tradicionales.', 30, 8, 'https://www.recetasgratis.net/receta-de-galletas-de-manteca-con-anacardos-y-chocolate-78951.html'),
	(127, 'Tostadas Francesas Integrales con Miel y Yogur', 'Batir huevo, leche, miel y canela. Empapar pan integral. Cocinar con mantequilla 2 minutos por lado. Servir con yogur y frutas.', 'No se utilizaron sustitutos, contiene gluten y lácteos.', 15, 1, 'https://www.recetasgratis.net/receta-de-tostadas-francesas-integrales-con-frutas-69015.html'),
	(128, 'Granola Casera con Frutos Secos y Miel', 'Precalienta horno a 160 °C. Mezcla avena, frutos secos, semillas, coco, canela y sal. Derrite miel con aceite de coco y vainilla. Mezcla con los ingredientes secos. Hornea 25–30 min, removiendo cada 10 min. Dejar enfriar y guardar en bote hermético.', 'No se utilizaron sustitutos; contiene ingredientes tradicionales ricos en carbohidratos y azúcares naturales.', 40, 6, 'https://www.recetasgratis.net/receta-de-granola-casera-con-frutos-secos-y-miel-89423.html'),
	(129, 'Bartolillos de Manzana al Horno', 'Preparar la masa con harina, mantequilla, huevo, sal y agua. Reposar 30 minutos. Cocinar manzanas con canela y limón. Estirar masa, cortar círculos, rellenar, cerrar. Hornear a 180 °C durante 20 minutos.', 'Se ha horneado en vez de freír. El azúcar es opcional o sustituido por edulcorante.', 60, 8, 'https://www.recetasgratis.net/receta-de-bartolillos-de-manzana-al-horno-89712.html'),
	(130, 'Pastel de Piña y Almendra', 'Precalienta el horno a 180 °C. Engrasa un molde y coloca piñas con azúcar moreno. Bate huevos con azúcar. Añade mantequilla, almíbar y vainilla. Incorpora harina, almendra, sal y polvo de hornear. Vierte la mezcla en el molde y hornea 40 min. Deja enfriar y desmolda.', 'No se utilizaron sustitutos; todos los ingredientes son tradicionales.', 50, 8, 'https://www.recetasgratis.net/receta-de-pastel-de-pina-y-almendra-88888.html'),
	(131, 'Panqueques Clásicos con Mantequilla y Miel', 'Mezclar los ingredientes secos (harina, azúcar, sal, polvo de hornear). Aparte, batir huevo, leche, mantequilla y vainilla. Unir ambas mezclas sin batir en exceso. Cocinar porciones en sartén con mantequilla, volteando al aparecer burbujas. Servir con miel.', 'Ninguno, se usaron ingredientes tradicionales con gluten, azúcar y mantequilla.', 20, 2, 'https://www.recetasgratis.net/receta-de-panqueques-caseros-esponjosos-50360.html'),
	(132, 'Muffins Salado-Dulces de Bacon, Queso y Miel', 'Precalienta horno a 180°C. Cocina bacon hasta crujiente y trocéalo. Mezcla harina, polvo de hornear, sal, pimienta. Bate huevo con leche, aceite y miel. Une todo, añade queso y bacon. Reparte en moldes y hornea 25 minutos. Enfría y sirve.', 'No se utilizaron sustitutos, se emplearon ingredientes convencionales.', 30, 6, 'https://www.recetasgratis.net/receta-de-muffins-de-bacon-y-queso-con-miel-82587.html'),
	(133, 'Bizcochos de Soletilla con Chocolate Caliente Estilo Mexicano', 'Preparar los bizcochos: batir claras con sal y azúcar. Añadir yemas y vainilla. Incorporar harina. Formar bastones y hornear a 180 °C por 10-12 min. Para el chocolate: hervir leche con canela, retirar y añadir chocolate, cacao y especias. Remover hasta disolver y servir caliente.', 'Ninguno. Puede adaptarse con bebida vegetal y harina sin gluten si es necesario.', 30, 2, 'https://www.recetasdemexico.net/bizcochos-de-soletilla-con-chocolate-caliente-mexicano'),
	(134, 'Bollitos de Avellana con Miel', 'Precalienta el horno a 180 °C. Mezcla harina, polvo de hornear, sal y avellanas. Aparte, bate huevo con leche, miel, azúcar y mantequilla. Junta ambas mezclas y forma bolas. Hornea 15-20 minutos. Deja enfriar y sirve.', 'No se utilizaron sustitutos. Se usaron ingredientes tradicionales con gluten y frutos secos.', 30, 6, 'https://www.recetasgratis.net/receta-de-bollitos-de-avellana-con-miel-83219.html'),
	(135, 'Crepes Rellenas de Salmón Ahumado y Mermelada de Naranja', 'Mezclar harina, huevos, leche, azúcar, sal y mantequilla derretida. Cocinar las crepes. Mezclar queso con eneldo. Rellenar con queso, salmón y mermelada. Doblar y servir.', 'Ninguno, todos los ingredientes son convencionales.', 25, 2, 'https://www.recetasgratis.net/receta-de-crepes-de-salmon-y-mermelada-de-naranja-89012.html'),
	(136, 'Empanada Gallega de Atún con Pisto y Huevo Duro', 'Picar cebolla, pimientos y ajo, sofreír en aceite. Añadir pimentón, sal, pimienta, atún escurrido y huevos duros picados. Para la masa, mezclar harinas, sal, huevo, aceite, mantequilla, agua y vino. Amasar y reposar. Rellenar, cerrar y hornear a 180°C por 40 min.', 'Ninguno. Receta tradicional con harinas con gluten.', 105, 4, 'https://www.hola.com/cocina/recetas/20240408252010/empanada-gallega-receta-restaurante-portonovo/'),
	(137, 'Muffins Salados de Mojama y Almendra', 'Precalentar horno. Mezclar harinas con levadura, sal y pimienta. Batir huevo con leche y mantequilla. Unir mezclas y añadir mojama picada. Rellenar moldes. Hornear 20 min a 180 °C. Dejar enfriar.', 'Harina de almendras como fuente de frutos secos; levadura química como fermento rápido.', 30, 2, 'https://www.recetasmuffinsalados.net/muffins-mojama-almendra'),
	(138, 'Strudel de Manzana Tradicional', 'Preparar la masa con harina, huevo, sal, agua y aceite. Reposar. Mezclar manzanas con azúcar, canela, pasas y nueces. Tostar pan rallado con mantequilla. Estirar la masa, rellenar, enrollar, pintar con huevo y hornear a 180°C por 40 min. Espolvorear con azúcar glas.', 'Ninguno. Se han usado todos los ingredientes tradicionales.', 80, 6, 'https://www.recetasgratis.net/receta-de-strudel-de-manzana-casero-64327.html'),
	(139, 'Jurel marinado con cítricos y hinojo', 'Limpia los filetes de jurel y corta en tiras. Mezcla los zumos y ralladuras de naranja y lima, aceite, mostaza, sal y pimienta. Marina el jurel 20 minutos. Mezcla con hinojo y cebolla cortados. Sirve frío con cebollino.', 'No se utilizaron sustitutos. Todos los ingredientes son naturalmente libres de gluten, frutos secos y aptos para dietas especiales.', 30, 2, 'https://www.recetasgratis.net/receta-de-jurel-marinado-con-citricos-y-hinojo-84573.html'),
	(140, 'Berenjenas Aromáticas', 'Corta la berenjena en rodajas, deja sudar con sal, seca y asa a la brasa. Añade feta, mojama y aliño con hierbas, limón y aceite. Servir tibio.', 'No se utilizaron sustitutos. Todos los ingredientes son naturalmente sin gluten.', 30, 2, 'https://www.recetasgratis.net/receta-de-berenjenas-aromaticas-con-feta-y-mojama-00000.html'),
	(141, 'Bulgur templado con caballa, granada, feta y sofrito de verduras', 'Cocina el bulgur. Sofríe ajo, cebolla, pimiento y calabacín. Mezcla con el bulgur, añade granada, feta y caballa. Sirve templado.', 'No se usaron sustitutos. Todos los ingredientes son tradicionales.', 30, 2, 'https://www.recetasgratis.net/receta-de-bulgur-con-caballa-feta-y-granada-85930.html'),
	(142, 'Tartaletas de Atún con Queso Crema y Huevo', 'Cocer huevos 10 min. Picar. Mezclar atún escurrido, queso crema, huevos y cebollino. Añadir pimienta. Rellenar tartaletas y servir frío.', 'No se utilizaron sustitutos. La receta contiene ingredientes tradicionales.', 20, 4, 'https://www.recetasgratis.net/receta-de-tartaletas-de-atun-con-queso-crema-y-huevo-78910.html'),
	(143, 'Tom Kha Thale (Sopa tailandesa de coco con pescado)', 'En una olla grande, combina la leche de coco y el caldo de pescado. Lleva a ebullición a fuego medio. Agrega la citronela, galanga, hojas de lima kaffir y chiles. Cocina a fuego lento durante 10 minutos para infundir los sabores. Añade los champiñones y cocina por 5 minutos más. Incorpora los trozos de pescado y cocina hasta que estén cocidos, aproximadamente 5-7 minutos. Agrega la salsa de pescado y el azúcar, removiendo bien para disolver. Retira del fuego y añade el zumo de lima. Ajusta el sabor al gusto. Sirve caliente, decorado con cilantro fresco picado.', 'Galanga sustituida por jengibre fresco si no se encuentra disponible. Hojas de lima kaffir opcionales; si no se consiguen, se puede añadir un poco de ralladura de lima como alternativa.', 30, 4, 'https://www.recetasgratis.net/receta-de-tom-kha-thale-sopa-tailandesa-de-coco-con-pescado-92358.html'),
	(144, 'Hummus de Remolacha con Pistachos', 'Pelar los pistachos. Triturar garbanzos, remolacha, ajo, tahini, zumo de limón, comino, sal y la mitad del aceite hasta obtener textura homogénea. Ajustar con agua o más aceite si se desea. Corregir sal. Servir con aceite y pistachos troceados por encima.', 'No se utilizaron sustitutos; los ingredientes son naturalmente sin gluten.', 15, 2, 'https://www.recetasgratis.net/receta-de-hummus-de-remolacha-con-pistachos-100001.html'),
	(145, 'Pimientos Asados Rellenos de Cous Cous, Espinacas, Piñones y Queso Feta', 'Asar los pimientos. Hidratar el cous cous. Saltear espinacas, piñones y pasas. Mezclar todo con feta. Rellenar los pimientos asados y servir.', 'No se han utilizado sustitutos. Todos los ingredientes contienen gluten y frutos secos.', 40, 2, 'https://www.recetasgratis.net/receta-de-pimientos-asados-rellenos-de-cous-cous-espinacas-y-feta-68721.html'),
	(146, 'Ñoquis de calabaza con toque de monte', 'Cuece los ñoquis. Saltea los espárragos en aceite de oliva. Añade ñoquis y hierbas. Incorpora almendras, piñones y queso de cabra. Sirve con perejil y aceite.', 'No se utilizaron sustitutos. Todos los ingredientes son comunes.', 25, 2, 'https://www.recetasgratis.net/receta-de-noquis-de-calabaza-con-esparragos-y-frutos-secos-100102.html'),
	(147, 'Verduras salteadas al wok con salsa agridulce y anacardos', 'Lava y corta las verduras. Mezcla la salsa de soja, vinagre, azúcar, maicena y agua. Saltea el ajo en aceite de sésamo. Añade las verduras y saltea. Agrega los anacardos y la salsa. Cocina hasta que espese. Servir caliente.', 'Ninguno. Todos los ingredientes son tradicionales y naturales.', 20, 2, 'https://www.recetasgratis.net/receta-de-verduras-agridulces-en-wok-con-anacardos-80000.html'),
	(148, 'Ensalada César', 'Lavar y cortar lechuga. Tostar pan en cubos. Cocinar pechuga de pollo y trocearla. Preparar salsa con ajo, anchoas, yema, limón, mostaza y aceite. Emulsionar. Mezclar lechuga, pollo y salsa. Añadir pan y queso.', 'No se utilizaron sustitutos; todos los ingredientes son tradicionales.', 25, 2, 'https://www.recetasgratis.net/receta-de-ensalada-cesar-con-pollo-68818.html'),
	(149, 'Mini Croquetas de Jamón', 'Derrite mantequilla y añade harina hasta dorar. Agrega leche caliente para formar una bechamel espesa. Incorpora jamón picado y condimentos. Deja enfriar. Forma croquetas, rebózalas en huevo y pan rallado. Fríe hasta dorar. Sirve caliente con alioli o ensalada fresca.', 'Ninguno, todos los ingredientes son tradicionales.', 45, 4, 'https://www.recetasgratis.net/receta-de-mini-croquetas-de-jamon-89076.html'),
	(150, 'Migas Dulces con Chocolate, Panceta y Uvas', 'Cortar pan en migas y humedecer. Dorar ajos en aceite y retirar. Freír panceta y reservar. Cocinar migas removiendo hasta que estén doradas. Añadir uvas, luego panceta y chocolate. Mezclar y servir caliente.', 'Ninguno, se usaron ingredientes tradicionales con gluten y grasas animales.', 45, 4, 'https://www.recetatradicional.net/migas-dulces-chocolate-panceta-uvas'),
	(151, 'Sopa Fría de Aguacate y Tequila con Cóctel de Gambas y Huevas', 'Preparar pico de gallo con tomate, cebolla, cilantro, lima y sal. Triturar aguacate con caldo, crema, tequila y lima. Refrigerar. Servir en copas con pico de gallo, gambas y huevas por encima. Decorar con aceite y cilantro.', 'No se utilizaron sustitutos.', 25, 4, 'https://www.recetasgratis.net/receta-de-cocktail-frio-de-aguacate-tequila-y-mariscos-87322.html'),
	(152, 'Hojaldre de Puerros y Queso Brie', 'Precalienta horno a 200 °C. Sofríe puerros en aceite hasta tiernos. Añade nata, sal y pimienta. Extiende hojaldre, rellena con puerros y brie. Cierra, pinta con huevo y hornea 25 minutos.', 'Ninguno. Se usaron ingredientes clásicos que no son aptos para perfiles con colesterol ni diabetes.', 35, 2, 'https://www.recetasgratis.net/receta-de-hojaldre-de-puerros-y-queso-brie-82391.html'),
	(153, 'Arroz Meloso de Setas con Flores Confitadas', 'Sofreír chalota y ajo. Añadir setas. Incorporar arroz y vino blanco. Agregar caldo poco a poco removiendo hasta meloso. Terminar con mantequilla. Confitado: hervir agua y azúcar, sumergir flores, dejar secar. Servir arroz decorado con flores confitadas.', 'No se utilizaron sustitutos.', 35, 2, 'https://www.recetasgourmet.net/receta-de-arroz-meloso-de-setas-con-flores-confitadas-80123.html'),
	(154, 'Brochetas de Rape con Salsa de Hierbas Provenzales', 'Cortar el rape y las verduras. Ensartar en brochetas. Preparar aderezo con hierbas, ajo, limón, sal, pimienta y aceite. Marinar y cocinar 3-4 minutos por lado en sartén. Servir caliente.', 'No se utilizaron sustitutos. Ingredientes naturalmente aptos.', 25, 2, 'https://www.recetasgratis.net/receta-de-brochetas-de-rape-con-hierbas-provenzales-73110.html'),
	(155, 'Raviolis de Merluza con Trufa y Salsa de Anacardos y Avellanas', 'Preparar masa con harina, huevos, aceite y sal. Reposar. Mezclar merluza con trufa y ricotta. Estirar masa, rellenar, cortar raviolis y cocer. Triturar anacardos, avellanas, leche y ajo para la salsa. Calentar y servir sobre los raviolis.', 'Harina sin gluten opcional. Ricotta opcional. Leche vegetal alternativa.', 60, 2, 'https://www.recetasgourmet.net/raviolis-merluza-trufa-frutossecos'),
	(156, 'Trucha al Horno con Panceta y Salsa de Mostaza y Tomillo', 'Precalienta el horno. Salpimentar los filetes de trucha y envolver con panceta. Hornear 12-15 minutos. Preparar la salsa calentando nata con mostaza, limón, tomillo, sal y pimienta hasta espesar. Servir caliente con la salsa.', 'Se ha usado nata ligera para reducir grasas saturadas.', 25, 2, 'https://www.recetasgratis.net/receta-de-trucha-con-panceta-y-salsa-de-mostaza-y-tomillo-100001.html'),
	(157, 'Rodaballo Frito con Salsa Cremosa de Alcaparras', 'Salpimentar rodaballo, enharinar, pasar por huevo y freír. Preparar salsa calentando nata con mostaza y alcaparras. Servir con salsa por encima.', 'Se ha usado harina de trigo y nata convencional, lo cual eleva el contenido glucémico y de grasas saturadas.', 35, 2, 'https://www.recetasgratis.net/receta-de-rodaballo-frito-con-salsa-de-alcaparras-78946.html'),
	(158, 'Lubina a la Sal con Patatas Confitadas al Romero', 'Precalienta el horno a 200 °C. Cubre una lubina limpia con sal gruesa en una bandeja y hornea 25 min. Mientras, confita las patatas pequeñas en aceite de oliva con romero y ajo durante 40-45 min sin que hiervan. Sirve la lubina limpia con las patatas escurridas, salpimentadas al gusto.', 'No se han usado sustitutos. Todos los ingredientes son naturalmente sin gluten y sin frutos secos.', 50, 2, 'https://www.recetasgratis.net/receta-de-lubina-a-la-sal-con-patatas-confitadas-al-romero-99999.html'),
	(159, 'Solomillo al Roquefort con Patatas en Rejilla y Almendras Laminadas', 'Cortar patatas en rejilla y freír. Dorar solomillos con mantequilla. Hacer salsa con nata y roquefort. Volver a introducir el solomillo para impregnar de salsa. Tostar almendras. Servir el solomillo con salsa y almendras por encima, acompañado de patatas.', 'Ninguno. Se han usado ingredientes tradicionales.', 35, 2, 'https://www.recetasgratis.net/receta-de-solomillo-al-roquefort-con-patatas-en-rejilla-y-almendras-78921.html'),
	(160, 'Linguini Imperial con Solomillo, Tapenade y Crocante de Nueces', 'Cocinar los linguini hasta al dente. Dorar el solomillo en tiras con sal y pimienta. Añadir tomates cherry. Incorporar tapenade y mezclar con la pasta. Finalizar con nueces y orégano.', 'Ninguno, todos los ingredientes usados son tradicionales con gluten y frutos secos.', 30, 2, 'https://www.recetasgratis.net/receta-de-linguini-con-solomillo-tapenade-y-nueces-99999.html'),
	(161, 'Pollo Cremoso con Anacardos y Curry', 'Corta el pollo en cubos, salpimienta y dora. Sofríe cebolla y ajo. Añade anacardos, curry, crema y caldo. Cocina 10 min con el pollo. Sirve caliente.', 'No se utilizaron sustitutos. Se usaron anacardos tostados, crema de leche y curry tradicional.', 30, 2, 'https://www.recetasgratis.net/receta-de-pollo-cremoso-con-anacardos-y-curry-99999.html'),
	(162, 'Terrina de Cerdo y Ternera con Pistachos y Ensalada Templada', 'Precalentar horno a 180°C. Sofreír cebolla y ajo. Mezclar carnes, sofrito, huevos, nata, mostaza, tomillo, sal, pimienta y pistachos. Verter en molde forrado con panceta y hornear al baño maría por 1h15min, dorar 10 min más. Enfriar. Para la ensalada: asar calabaza 20 min, mezclar con rúcula, granada y semillas. Hacer vinagreta con zumo de naranja, vinagre, miel, aceite, sal y pimienta. Aliñar antes de servir.', 'Opción sin panceta si se desea versión más ligera.', 105, 6, 'https://www.recetasgratis.net/receta-de-terrina-de-cerdo-y-ternera-con-pistachos-y-ensalada-91005.html'),
	(163, 'Quiche de Champiñones, Puerro y Queso Gruyère', 'Precalentar el horno a 180 °C. Extender masa en molde y hornear 10 min. Sofreír puerro y champiñones. Batir huevos con nata, sal, pimienta, nuez moscada, añadir queso y verduras. Verter sobre la base y hornear 30-35 min. Dejar reposar y servir.', 'No se utilizaron sustitutos; se emplean ingredientes tradicionales con gluten.', 50, 4, 'https://www.recetasgratis.net/receta-de-quiche-de-champinones-y-puerros-62146.html'),
	(164, 'Perdiz Estofada al Vino con Pan Frito', 'Dorar las perdices en aceite. Sofreír cebolla y ajo, añadir pimentón y vino. Incorporar las perdices, caldo, laurel y tomillo. Cocinar 1 hora. Freír el pan y servir como base o guarnición.', 'Ninguno. Todos los ingredientes son tradicionales con gluten y fritura.', 90, 2, 'https://www.recetasgratis.net/receta-de-perdiz-estofada-al-vino-tinto-67377.html'),
	(165, 'Canelones de Rabo de Toro Guisado', 'Guisar el rabo de toro con verduras, vino y caldo durante 3 horas. Desmenuzar la carne. Preparar bechamel con mantequilla, harina y leche. Cocer placas de canelones. Rellenar con carne, cubrir con bechamel y queso. Gratinar al horno 15 min.', 'Ninguno. Se usaron ingredientes clásicos con gluten y lácteos.', 180, 4, 'https://www.recetasgratis.net/receta-de-canelones-de-rabo-de-toro-guisado-79033.html'),
	(166, 'Gà Nướng (Pollo Asado Vietnamita)', 'Mezclar salsa de pescado, azúcar, ajo, jengibre, aceite de sésamo y pimienta. Marinar el pollo al menos 2 h. Hornear a 200°C durante 45 min. Pincelar con miel opcionalmente al final. Servir con arroz pegajoso y hierbas frescas.', 'No se utilizaron sustitutos; todos los ingredientes son originales de la receta tradicional.', 60, 2, 'https://www.vietnamonline.com/recipes/grilled-chicken-ga-nuong.html'),
	(167, 'Pan bao-olé', 'Preparar pan bao al vapor, rellenar con cordero de caldereta desmenuzado y salsa hoisin. Acompañar con verduras baby al vapor.', 'Sustituible la mantequilla de cacahuete. Contiene gluten en el pan bao.', 180, 4, 'https://www.recetasgratis.net/receta-de-pan-bao-con-cordero-hoisin-espana-83401.html'),
	(168, 'Costillas Bourbon BBQ', 'Mezclar especias para las costillas y hornear 2h a 160°C. Preparar salsa bourbon cocinando los ingredientes 15min. Mezclar col y zanahoria con mayonesa, vinagre, azúcar y sal. Finalizar costillas a la brasa 15min pincelando salsa. Cocer maíz y servir.', 'Ninguno. Se utilizaron ingredientes originales incluyendo azúcar y bourbon.', 165, 4, 'https://www.recetasamericanas.com/costillas-bourbon-bbq-nueva-orleans'),
	(169, 'Mediterráneo en Texturas', 'Preparar tierra de anchoa con maltodextrina. Hacer helado de tomate. Gelificar AOVE con agar-agar. Hornear brownie de chocolate. Montar todos los elementos en plato frío con combinaciones en textura y temperatura.', 'Uso de maltodextrina como soporte de sabor sin aceite. Sin sustitutos adicionales.', 60, 4, 'https://www.recetavanguardia.net/mediterraneo-en-texturas'),
	(170, 'Bizcocho aireado de mandarina con crema de avellanas y polvo de arenques ahumados', 'Bate las yemas con azúcar y ralladura. Añade zumo, harinas y levadura. Incorpora claras montadas. Cocina al vapor en molde engrasado. Sirve con crema de avellanas y espolvorea polvo de arenques.', 'Harina de arroz y maicena en vez de harina común. Cocción al vapor para textura aireada.', 35, 4, 'https://www.recetasgourmetexperimentales.com/postre-mandarina-avellana-arenque'),
	(171, 'Mousse de Chocolate Blanco con Gelée de Frambuesa y Caviar de Salmón', 'Preparar gelée de frambuesa con zumo de limón y gelatina. Reservar en frío. Hacer mousse con chocolate blanco fundido, huevo batido con azúcar y nata montada. Integrar con cuidado. Montar sobre gelée. Refrigerar. Servir con caviar de salmón y menta fresca.', 'No se utilizaron sustitutos. Todos los ingredientes son los tradicionales.', 30, 4, 'https://www.recetasgourmet.net/receta-de-mousse-chocolate-blanco-caviar-salmon'),
	(172, 'Bizcocho de Miso Dulce con Gel de Manzana Verde y Tartar de Trucha Ahumada', 'Preparar un bizcocho con miso blanco, harina, azúcar y hornear. Hacer un gel con puré de manzana y agar. Licuar al enfriar. Picar trucha ahumada en tartar. Montar con brotes y flores sobre bizcocho y gel.', 'Ninguno. Todos los ingredientes son seleccionados sin sustitución.', 45, 4, 'https://www.recetasnordicasgourmet.com/bizcocho-miso-trucha-gel-manzana'),
	(173, 'Teja Marina de Lubina al Yuzu con Buttercreme de Miel y Caviar de Arce', 'Marinar lubina en yuzu con kombu. Deshidratar 6-8h. Montar buttercreme con mantequilla, miel y yuzu. Preparar caviar de sirope de arce con esferificación inversa. Montar: teja, buttercreme en manga, caviar encima.', 'No se utilizaron sustitutos. Ingredientes tradicionales.', 420, 2, 'https://www.recetasgourmet.net/receta-teja-lubina-yuzu-buttercreme-caviar-arce'),
	(174, 'Baklava de Avellanas con Licor de Chocolate', 'Precalienta el horno a 180 °C. Coloca capas de pasta filo con mantequilla, alternando con mezcla de avellanas, azúcar y canela. Hornea. Prepara almíbar con miel, agua y licor de chocolate. Vierte sobre la baklava al salir del horno. Deja enfriar.', 'Ninguno.', 45, 8, 'https://www.recetasarabes.net/baklava-avellanas-licor-chocolate'),
	(175, 'Bizcocho de Pistachos con Infusión de Yemas de Pino y Glaseado de Azahar', 'Precalienta el horno a 180 °C. Bate huevos y azúcar. Añade aceite y la infusión de yemas de pino. Incorpora harina, levadura, sal y pistachos. Hornea 30-35 minutos. Mezcla azúcar glas con agua de azahar y más infusión para el glaseado. Vierte sobre el bizcocho enfriado.', 'Ninguno.', 50, 6, 'https://www.recetas-caseras.net/bizcocho-pistacho-yemas-pino-azahar'),
	(176, 'Cozonac Rumano con Nueces y Cacao', 'Calentar leche, disolver levadura con azúcar y un poco de harina. Mezclar con harina, huevos, mantequilla, vainilla. Amasar y fermentar. Preparar relleno de nueces, cacao y azúcar. Formar dos rollos y trenzar. Dejar reposar y hornear a 180°C por 45 minutos.', 'Ninguno. Receta tradicional rumana.', 180, 8, 'https://www.recetasgratis.net/receta-de-cozonac-rumano-de-nueces-70989.html'),
	(177, 'Helado Frito de Pistacho con Miel de Romero y Crocante de Sésamo', 'Formar bolas de helado entre pan de molde, sellar y congelar. Rebozar en huevo y sésamo con canela. Freír 15 segundos. Servir con miel y pistachos.', 'No se utilizaron sustitutos. Todos los ingredientes son tradicionales.', 240, 3, 'https://www.postrescreativos.net/receta-de-helado-frito-de-pistacho-y-miel-innovador.html'),
	(178, 'Tarta de Limón y Merengue con Mermelada de Violetas', 'Preparar base con harina, azúcar glas, mantequilla y huevo. Refrigerar. Hornear la masa en blanco. Preparar crema de limón con yemas, azúcar, limón y maicena. Untar mermelada de violetas sobre la base. Agregar crema de limón. Batir claras con azúcar para merengue, cubrir la tarta y dorar. Refrigerar 1 hora.', 'Ninguno. Se utilizan ingredientes tradicionales con gluten.', 60, 6, 'https://www.recetasgratis.net/receta-de-tarta-de-limon-y-merengue-con-mermelada-de-violetas-94510.html'),
	(179, 'Trampantojo de Albaricoque con Espuma de Mango y Nido de Caramelo', 'Preparar gominola: calentar puré de albaricoque y azúcar, añadir gelatina y moldear. Espuma: batir leche evaporada, mezclar con mango y grenetina. Chocolate: atemperar (45°C-26°C-28°C) y aplicar en moldes. Montaje: rellenar con espuma, insertar gominola, sellar con chocolate. Decorar: pintar con colorantes comestibles amarillo y naranja, espolvorear polvo de caramelo para efecto piel. Nido: hacer caramelo e hilos sobre bol. Presentar sobre nido.', 'Ninguno. Ingredientes tradicionales.', 180, 6, 'https://www.recetasgratis.net/receta-de-trampantojo-de-albaricoque-con-espuma-de-mango-y-nido-de-caramelo-99999.html'),
	(180, 'Gofres de Calabaza con Espuma de Membrillo', 'Mezclar los ingredientes secos. Batir huevos, leche, puré de calabaza, mantequilla y azúcar. Integrar todo. Cocinar en gofrera. Para la espuma, calentar membrillo con leche, añadir gelatina, enfriar, montar nata e incorporar. Reposar 1 h y servir sobre gofres.', 'No se usaron sustitutos. Se emplean ingredientes tradicionales con gluten y azúcar.', 45, 4, 'https://www.recetasgratis.net/receta-de-gofres-de-calabaza-con-espuma-de-membrillo-99999.html'),
	(181, 'Tarta Golosa de Diente de León con Plátano, Dulce de Leche y Ganache Picante', 'Preparar masa quebrada con pétalos de diente de león, hornear. Rellenar con mantequilla de cacahuete, rodajas de plátano y dulce de leche. Cubrir con ganache de chocolate y cayena. Refrigerar.', 'No se utilizaron sustitutos, se usaron ingredientes clásicos.', 60, 8, 'https://www.recetasinventadas.net/tarta-diente-de-leon-dulce-cacao'),
	(182, 'Tarta rústica de moras silvestres y flores de saúco', 'Mezclar harina, azúcar blanco y sal. Añadir mantequilla fría hasta textura arenosa. Incorporar huevo y formar masa. Reposar 30 min en frío. Mezclar moras con jarabe de saúco, azúcar moreno y maicena. Estirar masa, poner relleno y doblar bordes. Hornear 35-40 min a 180°C. Enfriar antes de servir.', 'No se utilizaron sustitutos. Se usaron ingredientes tradicionales ricos en azúcares y grasas saturadas.', 60, 6, 'https://www.recetasdepostres.net/tarta-rustica-moras-flores-sauco'),
	(183, 'Cubos Gelificados de Hibisco y Té Blanco sobre Tierra de Speculoos con Mousse de Mascarpone', 'Infusionar hibisco y té. Endulzar y gelificar con agar-agar. Enfriar y cortar en cubos. Triturar galletas para base. Montar mousse con mascarpone, nata y vainilla. Servir en capas: tierra, cubos y mousse encima.', 'Ninguno. Todos los ingredientes son tradicionales.', 35, 4, 'https://www.recetasgratis.net/receta-de-cubos-de-hibisco-con-mascarpone-y-tierra-de-speculoos-88235.html'),
	(184, 'Bacalao Salteado', 'En sartén con aceite, saltear jengibre y ajo. Añadir bacalao en cubos, cocinar 3-4 min. Incorporar verduras en tiras y saltear. Agregar azuki cocida, salsa de ostras y soja. Cocinar 2-3 min más. Servir caliente.', 'No se han utilizado sustitutos. Todos los ingredientes son naturalmente sin gluten y sin frutos secos.', 25, 2, 'https://www.recetasgratis.net/receta-de-bacalao-salteado-con-azuki-jengibre-y-verduras-94831.html'),
	(185, 'Emperador caramelizado a las cinco especias con ajo y lima', 'Mezclar ajo, cinco especias, azúcar, puré de tomate, soja, lima. Marinar emperador 15 min. Cocinar en sartén con aceite. Añadir salsa restante y caramelizar. Servir con cilantro y anacardos tostados.', 'Cinco especias detalladas: anís estrellado, clavo, canela, hinojo, pimienta de Sichuan. Anacardos pueden sustituirse por nueces o almendras.', 30, 2, 'https://www.recetasgratis.net/receta-de-emperador-caramelizado-a-las-cinco-especias-89991.html'),
	(186, 'Buñuelos de Bacalao con Salsa de Piparras y Crujiente de Alga Nori', 'Desmenuzar el bacalao y mezclar con ajo y perejil. Preparar la masa con harina, huevo, levadura y agua con gas. Freír los buñuelos. Preparar la salsa triturando piparras con mayonesa, mostaza y vinagre. Tostar el alga nori y servir con los buñuelos.', 'No se utilizaron sustitutos. Esta receta contiene gluten de forma intencionada por la harina de trigo.', 35, 4, 'https://www.recetasgratis.net/receta-de-bunuelos-de-bacalao-con-salsa-de-piparras-y-nori-80510.html'),
	(187, 'Crema de Calabaza con Nata, Limón y Nueces', 'Sofreír la cebolla. Añadir calabaza, zanahoria y patata. Rehogar y cocinar con caldo. Triturar. Añadir nata y limón. Servir con nueces tostadas.', 'Se ha usado nata vegetal en lugar de nata convencional para mejorar el perfil lipídico.', 30, 2, 'https://www.recetasgratis.net/receta-de-crema-de-calabaza-con-nata-limon-y-nueces-78652.html'),
	(188, 'Salmón Glaseado con Miel y Mostaza sobre Cama de Puré de Patatas', 'Precalienta el horno a 200°C. Mezcla miel, mostaza y salsa de soja. Cubre los lomos de salmón y hornea 15 min. Cocina las patatas, tritúralas con leche y mantequilla. Sirve el salmón sobre el puré.', 'No se han utilizado sustitutos; la receta emplea ingredientes tradicionales.', 35, 2, 'https://www.recetasgratis.net/receta-de-salmon-glaseado-con-miel-y-pure-de-patata-78652.html'),
	(189, 'Pescado a lo Macho Estilo Gourmet', 'Salpimentar los filetes de pescado por ambos lados. Enharinar y freír en aceite caliente hasta dorar. Reservar. En la misma sartén, sofreír cebolla, pimiento y ajo hasta suavizar. Añadir pasta de ají amarillo y cocinar por 30 segundos. Incorporar vino blanco y reducir. Agregar tomate picado, calamares y camarones. Cocinar hasta que los mariscos estén cocidos. Servir la salsa sobre los filetes de pescado fritos.', 'Se utilizó aceite vegetal en lugar de mantequilla para freír, lo que puede aumentar el contenido de grasas saturadas.', 45, 2, 'https://www.gourmet.cl/recetas/pescado-a-lo-macho/'),
	(190, 'Tempura de Verduras con Salsa de Piñones y Roquefort', 'Lavar y cortar las verduras. Preparar la masa de tempura con agua con gas, harina, huevo y sal. Freír las verduras hasta dorar. Para la salsa, tostar los piñones, añadir nata y queso roquefort, calentar hasta fundir. Servir la tempura con la salsa.', 'No se han utilizado sustitutos. Contiene gluten, frutos secos y lácteos.', 35, 2, 'https://www.recetasgratis.net/receta-de-tempura-de-verduras-con-salsa-de-pinones-y-roquefort-78900.html'),
	(191, 'Colas de Merluza al Horno con Salsa de Almendras, Ajo y Vino Blanco', 'Precalienta el horno a 180 °C. Salpimenta las colas de merluza y colócalas en una fuente de horno. Tuesta las almendras y sofríe el ajo. Añade vino blanco, cocina y tritura. Vierte la salsa sobre la merluza y hornea 15-18 minutos. Decora con perejil.', 'No se usaron sustitutos, todos los ingredientes son los originales.', 30, 2, 'https://www.recetasgratis.net/receta-de-colas-de-merluza-al-horno-con-salsa-de-almendras-92315.html'),
	(192, 'Coliflor gratinada infusionada con rooibos y vainilla', 'Cocer la coliflor. Infusionar bebida vegetal con rooibos y vainilla. Preparar bechamel con mantequilla y harina de arroz. Mezclar con bebida infusionada. Gratinar con almendras y queso. Hornear hasta dorar.', 'Harina de arroz en lugar de trigo. Bebida vegetal para evitar lactosa. Infusión de rooibos con vainilla en la bechamel.', 40, 3, 'https://www.recetasgratis.net/receta-de-coliflor-gratinada-infusada-con-roibos-y-vainilla-93421.html'),
	(193, 'Nuggets de Soja con Ensalada de Brotes y Salsa Bourbon', 'Hidratar soja, escurrir y mezclar con ajo, especias, huevo y pan rallado. Formar nuggets y dorar en sartén. Preparar salsa salteando cebolla en mantequilla, añadir bourbon y otros ingredientes, reducir. Mezclar brotes y aliño al servir. Acompañar todo junto.', 'No se utilizaron sustitutos, todos los ingredientes son estándar y contienen gluten.', 40, 2, 'https://www.recetasgratis.net/receta-de-nuggets-de-soja-con-ensalada-y-salsa-bourbon-100001.html'),
	(194, 'Pancakes de Zanahoria con Semillas de Calabaza y Chai', 'Mezclar harina, polvo de hornear, sal, azúcar y especias chai. Agregar huevo y leche. Añadir zanahoria y semillas. Cocinar en sartén con mantequilla 2-3 minutos por lado. Servir con mantequilla de anacardo y endivias frescas.', 'No se utilizaron sustitutos; receta con ingredientes tradicionales.', 25, 2, 'https://www.recetasgratis.net/receta-de-pancakes-de-zanahoria-y-chai-con-anacardos-94812.html'),
	(195, 'Alcachofas Estofadas con Patatas y Jamón', 'Limpia las alcachofas. Pela y corta las patatas. Sofríe cebolla y ajo, añade jamón y harina. Incorpora las verduras y el caldo. Cocina 30 min. Espolvorea con perejil y sirve.', 'Harina de trigo convencional. No se han usado sustitutos sin gluten.', 40, 4, 'https://www.recetasgratis.net/receta-de-alcachofas-estofadas-con-patatas-y-jamon-90231.html'),
	(196, 'Curry Verde de Gambas con Arroz Jazmín', 'Cocinar el arroz. Sofreír ajo, cebolla y jengibre con aceite. Añadir pasta de curry, luego gambas, leche de coco, salsa de pescado y azúcar. Agregar verduras y cocinar. Servir con arroz y opcionalmente cilantro y lima.', 'No se han hecho sustituciones, esta es una receta tradicional.', 30, 2, 'https://www.recetasthai.net/receta-de-curry-verde-de-gambas'),
	(197, 'Pizza de Quinoa con Pepperoni y Queso Fundido', 'Lava la quinoa y cocínala. Mézclala con huevo, parmesano, sal y orégano. Forma la base y hornea. Cubre con salsa, mozzarella, pepperoni y tomates. Hornea hasta que esté dorada.', 'Ninguno, se han usado ingredientes convencionales y ricos en grasas y sal.', 35, 2, 'https://www.recetasgratis.net/receta-de-pizza-de-quinoa-con-pepperoni-74588.html'),
	(198, 'Dal Bengalí Cremoso con Arroz Blanco', 'Cocer lentejas con cúrcuma y sal. Sofreír en ghee el comino, ajo, jengibre, cebolla, tomate y azúcar. Añadir a las lentejas cocidas. Cocinar 5 minutos más. Servir con arroz blanco.', 'No se utilizaron sustitutos; receta tradicional bengalí.', 35, 2, 'https://www.recetasgratis.net/receta-de-dal-de-lentejas-rojas-estilo-bengali-69794.html'),
	(199, 'Compota de Mango y Manzana con Toque de Lima', 'Pelar y cortar mango y manzana en cubos. Calentar aceite de coco en sartén, añadir frutas y saltear. Agregar agua, jengibre, zumo y ralladura de lima. Cocinar a fuego lento hasta obtener compota. Añadir eritritol si se desea. Servir caliente o frío.', 'Eritritol en lugar de azúcar, aceite de coco como grasa vegetal.', 15, 1, 'https://www.recetassaludables.net/receta/compota-mango-manzana-lima'),
	(200, 'Mousse de Mango y Coco sin Alérgenos', 'Hidratar gelatina con agua caliente. Licuar mango con leche de coco. Añadir gelatina disuelta, zumo de lima y edulcorante. Verter en vasos y refrigerar 2 horas. Servir frío.', 'Leche de coco en lugar de leche de vaca. Opción de usar agar agar en vez de gelatina convencional.', 15, 2, 'https://www.pequerecetas.com/receta/mousse-mango-coco/'),
	(201, 'Petit Choux rellenos de mousse de frambuesas', 'Preparar la masa choux con harinas especiales y hornear. Elaborar mousse de frambuesas con nata vegetal y eritritol. Rellenar los choux y refrigerar.', 'Harinas alternativas y eritritol como endulzante.', 60, 3, 'https://www.recetassinazucar.com/petit-choux-frambuesa'),
	(202, 'Tarta de Cumpleaños con Relleno de Avellanas y Cobertura de Chocolate Amargo', 'Preparar el bizcocho mezclando secos y líquidos, hornear. Triturar avellanas con leche vegetal y cacao para el relleno. Cortar el bizcocho y rellenar. Fundir chocolate con aceite de coco para cobertura. Decorar con frutas frescas.', 'Harina sin gluten (almendra + fécula de maíz), azúcar de coco, chocolate alto en cacao sin leche.', 60, 8, 'https://www.recetasgratis.net/receta-de-tarta-sin-gluten-de-avellanas-y-chocolate-94841.html'),
	(203, 'Tarta vienesa con mermelada de flores', 'Preparar la mermelada: hervir agua con azúcar de coco y limón, añadir pétalos y cocer 30 min. Dejar enfriar. Para la masa: mezclar secos, añadir aceite de coco, huevo y vainilla. Amasar. Extender una base, cubrir con mermelada, colocar tiras. Hornear 30 min a 180 °C.', 'Aceite de coco en lugar de mantequilla, mermelada casera sin azúcar refinado, sin frutos secos ni pescado.', 60, 6, 'https://www.recetasgratis.net/receta-de-tarta-vienesa-con-mermelada-de-flores-casera-74295.html'),
	(204, 'Roscón relleno de crema de yuzu y chocolate negro con toque de cardamomo', 'Preparar masa con harina, leche, eritritol, huevo, margarina, cardamomo y ralladura. Fermentar 1ª vez 2 horas. Formar roscón, fermentar 1 hora. Hacer crema con leche, yuzu, eritritol, yema, maicena y chocolate. Hornear roscón a 180 °C 25 min. Enfriar, abrir y rellenar.', 'Eritritol en lugar de azúcar. Margarina vegetal en lugar de mantequilla. Chocolate sin azúcar añadido.', 180, 8, 'https://www.recetasfit.net/roscon-yuzu-chocolate-negro-cardamomo-sin-azucar'),
	(205, 'Tarta de Queso con Salsa Caliente de Chocolate', 'Precalentar horno a 210 °C. Mezclar queso, yogur, huevos, eritritol, harina de almendra, vainilla y sal. Hornear 30-35 min. Fundir chocolate con bebida vegetal y aceite de coco a fuego bajo. Servir la tarta con salsa caliente.', 'Eritritol en lugar de azúcar; harina de almendra en lugar de harina común; chocolate 85% sin azúcar y bebida vegetal sin lactosa para reducir colesterol y controlar glucemia.', 50, 6, 'https://www.recetasfitness.net/tarta-queso-la-vina-sin-azucar-con-salsa-chocolate'),
	(206, 'Flan-Tarta de Cerezas', 'Precalentar horno a 160°C. Lavar y deshuesar cerezas. Batir claras, bebida vegetal, maicena, azúcar y vainilla. Añadir cerezas. Engrasar molde y verter mezcla. Hornear al baño maría 40 min. Refrigerar antes de desmoldar.', 'Bebida vegetal sustituye a la leche. Solo claras. Sin gluten ni frutos secos.', 60, 2, 'https://www.recetasgratis.net/receta-de-flan-de-cerezas-saludable-82311.html'),
	(207, 'Tarta de Castañas', 'Preparar bizcochos sin gluten mezclando harinas, bebida vegetal y vainilla; hornear. Triturar castañas con leche para hacer la crema. Preparar natillas sin colesterol con bebida vegetal y maicena. Montar capas de bizcocho y crema. Refrigerar. Servir con natillas frías.', 'Bizcochos caseros sin huevo, harina de arroz, bebida vegetal, sin frutos secos.', 60, 6, 'https://www.recetasgratis.net/receta-de-tarta-de-castanas-sin-gluten-sin-colesterol-75941.html'),
	(208, 'Tarta de Peras y Toffee', 'Preparar masa con harina sin gluten, sal, margarina y agua. Formar capas de hojaldre. Estirar y cubrir con peras, azúcar y margarina. Hornear a 200°C por 25 min. Hacer toffee con nata y leche vegetal, azúcar y vainilla. Servir con el toffee caliente encima.', 'Masa de hojaldre sin gluten casera, margarina vegetal, leches vegetales sin frutos secos.', 60, 4, 'https://www.recetasgratis.net/receta-de-tarta-de-peras-y-toffee-sin-gluten-100001.html'),
	(209, 'Tocino de cielo sin azúcar con coulis de frutos del bosque', 'Precalentar el horno a 150°C. Mezclar yemas con bebida vegetal, esencia de vainilla y eritritol. Colar, verter en moldes y hornear al baño maría 35-40 min. Para el coulis, cocinar frutos rojos con eritritol y limón, triturar y colar. Enfriar y servir con coulis.', 'Leche condensada o nata → bebida vegetal sin azúcar. Azúcar → eritritol líquido. Frutos secos eliminados.', 50, 4, 'https://www.recetasgratis.net/receta-de-tocino-de-cielo-sin-azucar-con-coulis-de-frutos-rojos-99999.html'),
	(210, 'Gratinado de Ñoquis Caseros con Espárragos', 'Cocer patatas, pelar y hacer puré. Añadir huevo y harina de arroz para formar masa. Formar cilindros, cortar y dar forma de ñoquis. Hervir hasta que floten. Sofreír ajo, espárragos y champiñones. Añadir nata vegetal y especias. Mezclar con ñoquis, cubrir con queso y gratinar.', 'Harina de arroz en lugar de harina de trigo. Nata vegetal y queso bajo en grasa en lugar de sus equivalentes convencionales.', 60, 2, 'https://www.recetasgratis.net/receta-de-gratinado-de-noquis-caseros-con-esparragos-sin-gluten-79822.html'),
	(211, 'Tarta de Tomate y Pesto', 'Preparar masa mezclando harinas con sal y margarina. Añadir huevo y agua hasta masa homogénea. Reposar 20 min. Estirar y hornear 10 min. Preparar pesto sin frutos secos. Mezclar con ricotta. Cortar tomates. Montar tarta y hornear 25 min. Reposar y servir.', 'Masa casera sin gluten (harina de arroz y maíz). Pesto sin frutos secos. Margarina vegetal sin grasas trans en lugar de mantequilla.', 60, 4, 'https://www.recetasgratis.net/receta-de-tarta-de-tomate-y-pesto-sin-gluten-casera-70235.html'),
	(212, 'Brochetas de Pavo a la Marroquí con Couscous', 'Preparar adobo con yogur, limón, especias y aceite. Marinar el pavo. Cortar pimiento y cebolla. Armar brochetas alternando. Asar 15-20 min. Preparar couscous con pasas y caldo. Servir con perejil.', 'No se utilizaron sustitutos; todos los ingredientes son naturalmente sin gluten y sin frutos secos.', 35, 2, 'https://www.recetasgratis.net/receta-de-brochetas-de-pavo-marroqui-con-couscous-99876.html'),
	(213, 'Remolacha Asada a la Griega', 'Precalentar el horno a 200°C. Cortar remolacha y asar con aceite, sal, pimienta y orégano durante 35-40 minutos. Mezclar yogur con limón. Servir remolacha templada sobre yogur, con queso feta y aceitunas.', 'No se utilizaron sustitutos; todos los ingredientes son naturalmente sin gluten y sin pescado.', 50, 2, 'https://www.recetasgratis.net/receta-de-remolacha-asada-a-la-griega-90123.html');
/*!40000 ALTER TABLE `recetas` ENABLE KEYS */;

-- Volcando estructura para tabla db_salcooking.receta_alergia
DROP TABLE IF EXISTS `receta_alergia`;
CREATE TABLE IF NOT EXISTS `receta_alergia` (
  `id_receta` int(11) NOT NULL,
  `id_alergia` int(11) NOT NULL,
  `observaciones` varchar(250) DEFAULT NULL,
  PRIMARY KEY (`id_receta`,`id_alergia`),
  KEY `id_alergia` (`id_alergia`)
) ENGINE=MyISAM DEFAULT CHARSET=utf8mb3 COLLATE=utf8mb3_general_ci;

-- Volcando datos para la tabla db_salcooking.receta_alergia: 177 rows
/*!40000 ALTER TABLE `receta_alergia` DISABLE KEYS */;
INSERT IGNORE INTO `receta_alergia` (`id_receta`, `id_alergia`, `observaciones`) VALUES
	(8, 1, 'Contiene nueces en la salsa'),
	(8, 2, 'Contiene pasta con gluten'),
	(8, 3, 'Contiene salmón'),
	(9, 1, 'Contiene almendras laminadas'),
	(10, 2, 'Contiene harina de trigo con gluten'),
	(14, 1, 'Contiene nueces'),
	(14, 2, 'Contiene pan integral con gluten'),
	(15, 3, 'Receta libre de pescado.'),
	(16, 2, 'Utiliza avena certificada sin gluten, no contiene gluten'),
	(16, 3, 'No contiene pescado'),
	(18, 1, 'Contiene almendras en la bebida vegetal.'),
	(19, 1, 'Contiene nueces si se agregan al topping'),
	(24, 1, 'Contiene almendras laminadas.'),
	(39, 1, 'Contiene sésamo en semillas, aceite y tahini'),
	(57, 1, 'Za\'atar puede contener sésamo.'),
	(65, 1, 'Contiene nueces peladas'),
	(71, 3, 'Receta libre de pescado y marisco'),
	(72, 1, 'No contiene frutos secos'),
	(72, 3, 'Libre de pescado y marisco'),
	(79, 3, 'Contiene marisco (langostinos)'),
	(80, 3, 'Contiene pescado: salmón fresco'),
	(84, 3, 'Contiene pescado (caballa).'),
	(91, 2, 'Contiene productos lácteos (roquefort y leche)'),
	(93, 3, 'Contiene pescado (sardinas)'),
	(94, 3, 'Receta libre de pescado y mariscos'),
	(100, 1, 'Contiene almendras crudas'),
	(100, 2, 'Puede contener gluten según el caldo utilizado'),
	(100, 3, 'Contiene mejillones, calamares y gambas'),
	(104, 3, 'Receta libre de pescado.'),
	(106, 2, 'Contiene gluten por la harina de trigo'),
	(115, 1, 'Contiene harina de almendra (frutos secos)'),
	(116, 1, 'Contiene harina de almendra (frutos secos)'),
	(118, 1, 'Libre de pescado'),
	(118, 2, 'Libre de frutos secos'),
	(118, 3, 'Libre de gluten'),
	(119, 1, 'Libre de pescado'),
	(119, 2, 'Libre de frutos secos'),
	(119, 3, 'Libre de gluten'),
	(120, 3, 'Contiene sardinas (pescado)'),
	(121, 1, 'Contiene nueces'),
	(121, 3, 'Contiene salmón'),
	(122, 2, 'Contiene harina de trigo'),
	(122, 3, 'Contiene bacalao, un pescado'),
	(123, 3, 'Contiene salmón'),
	(123, 2, 'Contiene huevo'),
	(124, 1, 'Contiene nueces picadas.'),
	(125, 1, 'Contiene almendras molidas'),
	(125, 2, 'Contiene harina de trigo con gluten'),
	(126, 1, 'Contiene anacardos troceados'),
	(126, 2, 'Contiene harina de trigo con gluten'),
	(127, 2, 'Contiene pan con gluten'),
	(127, 4, 'Contiene lácteos (leche, yogur, mantequilla)'),
	(128, 1, 'Contiene almendras, nueces y avellanas'),
	(129, 2, 'Contiene harina de trigo con gluten'),
	(130, 1, 'Contiene almendra molida'),
	(130, 2, 'Contiene harina de trigo con gluten'),
	(131, 2, 'Contiene harina de trigo (gluten)'),
	(131, 4, 'Contiene mantequilla y leche entera'),
	(132, 2, 'Contiene gluten (harina de trigo)'),
	(132, 3, 'Contiene lácteos (queso y leche)'),
	(133, 2, 'Contiene harina de trigo con gluten.'),
	(134, 1, 'Contiene avellanas'),
	(134, 2, 'Contiene gluten por la harina de trigo'),
	(135, 2, 'Contiene harina de trigo con gluten.'),
	(135, 3, 'Contiene salmón ahumado.'),
	(135, 4, 'Contiene productos lácteos (queso, leche).'),
	(136, 2, 'Contiene harina de trigo con gluten'),
	(136, 3, 'Contiene atún en aceite'),
	(136, 4, 'Contiene huevo'),
	(137, 1, 'Contiene harina de almendras.'),
	(137, 2, 'Contiene harina de trigo con gluten.'),
	(137, 3, 'Contiene mojama de atún.'),
	(138, 1, 'Contiene nueces picadas'),
	(138, 2, 'Contiene harina de trigo con gluten'),
	(138, 4, 'Contiene huevo'),
	(139, 3, 'Contiene jurel, pescado azul'),
	(140, 3, 'Contiene mojama (pescado curado)'),
	(141, 2, 'Contiene bulgur, que es trigo (gluten)'),
	(141, 3, 'Contiene pescado (caballa)'),
	(142, 3, 'Contiene atún en aceite (pescado)'),
	(142, 4, 'Contiene queso crema (lácteos)'),
	(142, 5, 'Contiene huevo'),
	(143, 3, 'Contiene pescado blanco'),
	(144, 1, 'Contiene pistachos, un fruto seco'),
	(145, 1, 'Contiene piñones'),
	(145, 2, 'Contiene gluten por el cous cous'),
	(146, 1, 'Contiene almendras y piñones'),
	(147, 1, 'Contiene anacardos'),
	(148, 2, 'Contiene pan con gluten'),
	(148, 3, 'Contiene anchoas (pescado)'),
	(148, 4, 'Contiene huevo'),
	(149, 2, 'Contiene gluten: harina de trigo y pan rallado'),
	(150, 2, 'Contiene pan con gluten'),
	(151, 3, 'Contiene pescado: huevas de trucha y marisco (gambas)'),
	(152, 2, 'Contiene gluten (hojaldre)'),
	(152, 4, 'Contiene lácteos (queso brie y nata)'),
	(154, 3, 'Contiene rape, un pescado blanco'),
	(155, 1, 'Contiene anacardos y avellanas'),
	(155, 2, 'Contiene harina de trigo'),
	(155, 3, 'Contiene pescado (merluza)'),
	(157, 2, 'Contiene harina de trigo con gluten'),
	(157, 3, 'Contiene rodaballo, pescado blanco'),
	(158, 3, 'Contiene lubina (pescado)'),
	(159, 1, 'Contiene almendras laminadas'),
	(159, 2, 'Contiene lácteos: nata y queso roquefort'),
	(160, 1, 'Contiene nueces picadas'),
	(160, 2, 'Contiene gluten por los linguini'),
	(161, 1, 'Contiene anacardos (frutos secos)'),
	(162, 1, 'Contiene pistachos'),
	(163, 2, 'Contiene masa con gluten y lácteos'),
	(164, 2, 'Contiene pan de trigo con gluten'),
	(165, 2, 'Contiene gluten en placas y harina.'),
	(165, 4, 'Contiene lácteos: mantequilla, leche, queso.'),
	(167, 1, 'Contiene mantequilla de cacahuete'),
	(167, 2, 'Contiene harina de trigo con gluten'),
	(169, 2, 'Contiene harina de trigo con gluten'),
	(169, 3, 'Contiene pescado (salmuera de anchoa)'),
	(170, 1, 'Contiene crema de avellanas.'),
	(170, 3, 'Contiene liofilizado de arenques.'),
	(171, 3, 'Contiene caviar de salmón (pescado)'),
	(171, 2, 'Contiene nata y chocolate blanco (lácteos)'),
	(171, 4, 'Contiene huevo'),
	(172, 2, 'Contiene harina de trigo'),
	(172, 3, 'Contiene trucha ahumada, pescado'),
	(173, 3, 'Contiene pescado: lubina'),
	(174, 1, 'Contiene avellanas'),
	(174, 2, 'Contiene gluten en la pasta filo'),
	(175, 1, 'Contiene pistachos'),
	(175, 2, 'Contiene gluten en la harina de trigo'),
	(176, 1, 'Contiene nueces molidas.'),
	(176, 2, 'Contiene harina de trigo con gluten.'),
	(177, 1, 'Contiene pistachos (frutos secos)'),
	(177, 2, 'Contiene pan de molde con gluten'),
	(178, 2, 'Contiene gluten en la harina de trigo.'),
	(178, 4, 'Contiene huevo (claras y yemas).'),
	(179, 2, 'Contiene leche evaporada (lácteos)'),
	(179, 4, 'Contiene gelatina de origen animal'),
	(180, 2, 'Contiene harina de trigo con gluten'),
	(181, 1, 'Contiene mantequilla de cacahuete'),
	(181, 2, 'Contiene harina de trigo (gluten)'),
	(181, 4, 'Contiene lácteos y grasas animales'),
	(182, 2, 'Contiene harina de trigo con gluten'),
	(182, 4, 'Contiene huevo'),
	(183, 2, 'Contiene galletas con gluten'),
	(183, 4, 'Contiene lácteos (nata y mascarpone)'),
	(184, 3, 'Contiene bacalao, un pescado blanco.'),
	(185, 1, 'Contiene anacardos tostados'),
	(185, 3, 'Contiene pescado (emperador)'),
	(186, 2, 'Contiene harina de trigo con gluten'),
	(186, 3, 'Contiene bacalao (pescado)'),
	(186, 4, 'Contiene huevo'),
	(187, 1, 'Contiene nueces como topping.'),
	(188, 3, 'Contiene salmón (pescado)'),
	(188, 4, 'Contiene leche y mantequilla (lácteos)'),
	(189, 3, 'Contiene pescado y mariscos'),
	(189, 1, 'Contiene gluten por la harina de trigo'),
	(190, 1, 'Contiene piñones'),
	(190, 2, 'Contiene harina de trigo'),
	(190, 4, 'Contiene lácteos (queso roquefort y nata)'),
	(191, 1, 'Contiene almendras crudas'),
	(191, 3, 'Contiene merluza, un pescado blanco'),
	(192, 1, 'Contiene almendras laminadas'),
	(193, 1, 'Contiene proteína de soja.'),
	(193, 2, 'Contiene pan rallado con gluten.'),
	(194, 2, 'Contiene harina de trigo con gluten'),
	(194, 1, 'Contiene mantequilla de anacardo'),
	(195, 2, 'Contiene harina de trigo con gluten'),
	(196, 3, 'Contiene marisco: gambas'),
	(196, 4, 'Contiene pescado: salsa de pescado (opcional)'),
	(202, 1, 'Contiene frutos secos (almendras, avellanas).'),
	(202, 3, 'No contiene pescado ni derivados.'),
	(204, 2, 'Receta sin frutos secos'),
	(204, 3, 'Receta sin pescado'),
	(205, 1, 'Contiene harina de almendra y posible bebida vegetal de frutos secos'),
	(206, 1, 'No contiene gluten.'),
	(206, 2, 'No contiene frutos secos.'),
	(210, 3, 'Contiene huevo en la masa de ñoquis');
/*!40000 ALTER TABLE `receta_alergia` ENABLE KEYS */;

-- Volcando estructura para tabla db_salcooking.receta_enfermedad
DROP TABLE IF EXISTS `receta_enfermedad`;
CREATE TABLE IF NOT EXISTS `receta_enfermedad` (
  `id_receta` int(11) NOT NULL,
  `id_enfermedad` int(11) NOT NULL,
  `indicaciones` varchar(350) DEFAULT NULL,
  PRIMARY KEY (`id_receta`,`id_enfermedad`),
  KEY `id_enfermedad` (`id_enfermedad`)
) ENGINE=MyISAM DEFAULT CHARSET=utf8mb3 COLLATE=utf8mb3_general_ci;

-- Volcando datos para la tabla db_salcooking.receta_enfermedad: 243 rows
/*!40000 ALTER TABLE `receta_enfermedad` DISABLE KEYS */;
INSERT IGNORE INTO `receta_enfermedad` (`id_receta`, `id_enfermedad`, `indicaciones`) VALUES
	(7, 1, 'Apta para diabetes, ya que es baja en carbohidratos y rica en fibra.'),
	(7, 2, 'Apta con moderación para colesterol, se recomienda reducir la cantidad de queso feta o sustituir por queso bajo en grasa.'),
	(8, 1, 'Apta con moderación para diabetes, se recomienda usar pasta integral sin gluten.'),
	(8, 2, 'No recomendable para colesterol alto debido a la crema de leche y el salmón. Se puede reducir el impacto usando crema vegetal y salmón al horno sin aceite.'),
	(9, 1, 'Apta para personas con diabetes.'),
	(9, 2, 'Apta para personas con colesterol alto.'),
	(10, 1, 'No apta para personas con diabetes, contiene altos niveles de azúcar.'),
	(10, 2, 'No apta para personas con colesterol alto, contiene mantequilla, nata y dulce de leche con grasas saturadas.'),
	(11, 1, 'Apta para personas con diabetes, bajo índice glucémico.'),
	(11, 2, 'Apta para colesterol alto, rica en fibra y sin grasas saturadas.'),
	(12, 1, 'Apta, bajo índice glucémico y sin azúcares añadidos.'),
	(12, 2, 'Apta.'),
	(14, 1, 'Apta, bajo índice glucémico.'),
	(14, 2, 'Apta con moderación por el contenido graso del aguacate y nueces.'),
	(15, 1, 'Apta para diabetes controlando el consumo de pan y prefiriendo frutas de bajo índice glucémico.'),
	(15, 2, 'Apta para colesterol si se limita el consumo de huevo a 1 unidad.'),
	(16, 1, 'Apta para diabetes debido al bajo índice glucémico de la avena sin gluten.'),
	(16, 2, 'Apta para colesterol si se usa aceite de oliva con moderación.'),
	(17, 1, 'Apta para personas con diabetes usando poca miel o sin miel.'),
	(17, 2, 'Apta para personas con colesterol.'),
	(18, 1, 'Apta para diabetes si se omite o reduce la cantidad de miel.'),
	(18, 2, 'Apta para colesterol gracias al uso de bebida vegetal y frutas frescas.'),
	(19, 1, 'Apta para diabetes si se usa stevia o eritritol y se controla la cantidad de frutas.'),
	(19, 2, 'Apta para colesterol alto.'),
	(20, 1, 'Apta para diabetes si se omite o reduce la miel.'),
	(20, 2, 'Apta para colesterol alto, moderar el consumo de leche de coco por su contenido graso.'),
	(101, 1, 'Apta para diabetes si se utiliza chocolate sin azúcar y stevia.'),
	(101, 2, 'Apta para colesterol, al no contener grasas animales.'),
	(102, 1, 'No apta por el azúcar añadido y chocolate convencional.'),
	(102, 2, 'Moderada por la nata; se puede sustituir por versión vegetal.'),
	(103, 1, 'Moderadamente apta para diabetes, controlar porciones.'),
	(103, 2, 'Apta para colesterol si se controla el tipo de leche y aceite.'),
	(104, 1, 'Apta para personas con diabetes. Bajo índice glucémico y sin azúcar.'),
	(104, 2, 'Apta para personas con colesterol alto. Grasas saludables de origen vegetal.'),
	(105, 1, 'Apta para personas con diabetes, usando mermelada sin azúcar.'),
	(105, 2, 'Apta para personas con colesterol alto, usando queso desnatado.'),
	(106, 1, 'No apta para personas con diabetes'),
	(106, 2, 'No apta para personas con colesterol alto (nata, fritura, azúcar)'),
	(107, 1, 'No apta por el contenido de azúcar.'),
	(107, 2, 'No recomendable en exceso por presencia de nata y yemas.'),
	(108, 1, 'Apta para personas con diabetes tipo 1 por uso de edulcorante y ausencia de azúcar.'),
	(108, 2, 'Apta para personas con colesterol alto, sin ingredientes animales ni grasas saturadas.'),
	(109, 1, 'Apta para personas con diabetes, si se controla el edulcorante.'),
	(109, 2, 'Apta para colesterol alto, no contiene grasas saturadas.'),
	(110, 1, 'No apta, contiene azúcar.'),
	(110, 2, 'Apta con moderación, puede adaptarse usando lácteos bajos en grasa.'),
	(111, 1, 'Apta para diabetes gracias al uso de ingredientes de bajo índice glucémico.'),
	(111, 2, 'Apta para personas con colesterol alto. No contiene grasas saturadas de origen animal.'),
	(112, 1, 'Apta para personas con diabetes, sin azúcar añadido.'),
	(112, 2, 'Apta para personas con colesterol alto.'),
	(113, 1, 'Apta para personas con diabetes si se usa edulcorante sin azúcar.'),
	(113, 2, 'Apta para personas con colesterol alto. No contiene grasas saturadas ni ingredientes animales.'),
	(114, 1, 'Apta para personas con diabetes gracias al uso de eritritol.'),
	(114, 2, 'Apta para personas con colesterol alto, sin grasas animales ni azúcares.'),
	(115, 1, 'Apta para personas con diabetes, sin azúcar añadido, bajo índice glucémico.'),
	(115, 2, 'Apta para colesterol alto si se consume con moderación por presencia de huevo y mantequilla.'),
	(116, 1, 'Apta para personas con diabetes, sin azúcar añadido, bajo índice glucémico.'),
	(116, 2, 'Apta para colesterol alto si se consume con moderación por presencia de huevo y mantequilla.'),
	(117, 1, 'Apta para diabetes, sin azúcares y con harina sin gluten.'),
	(117, 2, 'Apta para colesterol, sin mantequilla ni leche.'),
	(118, 1, 'Apta para personas con diabetes.'),
	(118, 2, 'Apta para personas con colesterol alto.'),
	(119, 1, 'Apto para personas con diabetes.'),
	(119, 2, 'Apto para personas con colesterol alto.'),
	(120, 1, 'Apta para personas con diabetes. Pan integral con bajo índice glucémico.'),
	(120, 2, 'Apta para personas con colesterol. Sardinas aportan omega-3.'),
	(121, 1, 'Apta para personas con diabetes.'),
	(121, 2, 'Apta para personas con colesterol alto.'),
	(122, 1, 'Apta si se modera la porción de patata.'),
	(122, 2, 'Apta si se modera el uso de aceite y huevos enteros.'),
	(123, 1, 'Apta con moderación, usar harina integral.'),
	(123, 2, 'No apta, contiene ingredientes con colesterol como huevo y salmón.'),
	(124, 1, 'Apta si se consume con moderación, sin azúcares añadidos.'),
	(124, 2, 'Apta para colesterol alto, sin grasas saturadas animales.'),
	(125, 1, 'No apta para personas con diabetes.'),
	(125, 2, 'No apta para personas con colesterol alto.'),
	(126, 1, 'No apta para personas con diabetes, contiene azúcar y harinas refinadas.'),
	(126, 2, 'No apta para personas con colesterol alto, contiene manteca y yema de huevo.'),
	(127, 1, 'Apta para diabetes si se controla la porción y se eligen frutas de bajo índice glucémico.'),
	(127, 2, 'Apta para colesterol si se sustituye la mantequilla por aceite vegetal.'),
	(128, 1, 'No apta para personas con diabetes, contiene miel y alto contenido de carbohidratos.'),
	(128, 2, 'Moderar su consumo por su alto valor energético, aunque las grasas son en su mayoría saludables.'),
	(129, 1, 'Apta para personas con diabetes si se usa edulcorante.'),
	(129, 2, 'Apta para personas con colesterol si se sustituye la mantequilla por margarina vegetal.'),
	(130, 1, 'No apta para personas con diabetes, alto contenido de azúcar'),
	(130, 2, 'No apta para colesterol alto, contiene mantequilla y huevos'),
	(131, 1, 'No apta para personas con diabetes, contiene azúcar y harina refinada.'),
	(131, 2, 'No apta para personas con colesterol alto por el uso de mantequilla y leche entera.'),
	(132, 1, 'No apta para diabetes, contiene harina y miel.'),
	(132, 2, 'No apta para colesterol alto, contiene bacon, queso y grasas saturadas.'),
	(133, 1, 'No apta para personas con diabetes por su alto contenido en azúcar y carbohidratos.'),
	(133, 2, 'No apta para personas con colesterol alto si se usa leche entera y chocolate convencional.'),
	(134, 1, 'No apta para personas con diabetes. Contiene azúcar, miel y harina refinada.'),
	(134, 2, 'No apta para personas con colesterol alto. Contiene mantequilla y leche entera.'),
	(135, 1, 'No apta para personas con diabetes por el contenido de azúcar y mermelada.'),
	(135, 2, 'Puede adaptarse para colesterol si se usan lácteos bajos en grasa.'),
	(136, 1, 'No apta para personas con diabetes, contiene harinas y huevo.'),
	(136, 2, 'No apta para personas con colesterol alto.'),
	(137, 1, 'No apta para personas con diabetes.'),
	(137, 2, 'No apta para colesterol por uso de mantequilla, leche y mojama.'),
	(138, 1, 'No apta para personas con diabetes por alto contenido de azúcar.'),
	(138, 2, 'No apta para personas con colesterol alto por uso de mantequilla y huevo.'),
	(139, 1, 'Apta para diabetes, sin carbohidratos de alto índice.'),
	(139, 2, 'Apta para colesterol, rica en omega-3 del jurel.'),
	(140, 1, 'Apta para personas con diabetes. Verduras, grasas y proteínas moderadas.'),
	(140, 2, 'Moderadamente apta. Usar feta y mojama con moderación por su contenido graso y salado.'),
	(141, 1, 'Apta para personas con diabetes en porciones moderadas.'),
	(141, 2, 'Apta para personas con colesterol si se controla la cantidad de queso y se usa caballa al natural.'),
	(142, 1, 'Apta para personas con diabetes si se consume con moderación'),
	(142, 2, 'No apta para personas con colesterol alto, contiene grasa saturada y colesterol.'),
	(143, 1, 'No apta para personas con diabetes debido al contenido de leche de coco y azúcar.'),
	(143, 2, 'Apta para personas con colesterol alto; se recomienda moderación en el consumo.'),
	(144, 1, 'Apta para personas con diabetes por su bajo índice glucémico.'),
	(144, 2, 'Apta para personas con colesterol alto. Uso de grasas saludables.'),
	(145, 1, 'No apta para personas con diabetes por el cous cous'),
	(145, 2, 'Apta para personas con colesterol si se controla el queso feta'),
	(146, 1, 'Apta si se controlan los hidratos y se usan ñoquis caseros bajos en harina.'),
	(146, 2, 'No apta para colesterol alto. Contiene queso de cabra y frutos secos grasos.'),
	(147, 1, 'No apta para personas con diabetes debido al uso de azúcar y salsa de soja.'),
	(147, 2, 'Apta para personas con colesterol alto, ingredientes con grasas saludables.'),
	(148, 1, 'No apta para personas con diabetes por el pan'),
	(148, 2, 'No apta para colesterol alto debido al huevo, queso y anchoas'),
	(149, 2, 'No apta para personas con colesterol alto, contiene mantequilla, leche entera y embutido'),
	(150, 1, 'No apta para personas con diabetes por contenido de pan y chocolate.'),
	(150, 2, 'No apta para personas con colesterol alto debido a la panceta.'),
	(151, 1, 'Apta en pequeñas porciones para diabetes'),
	(151, 2, 'No apta para colesterol alto por contenido en grasas animales y mariscos'),
	(152, 1, 'No apta para personas con diabetes debido a la masa de hojaldre.'),
	(152, 2, 'No apta para colesterol alto por el uso de nata y queso brie.'),
	(153, 1, 'No apta para personas con diabetes por el contenido de arroz meloso.'),
	(153, 2, 'Apta para personas con colesterol si se modera el uso de mantequilla.'),
	(154, 1, 'Apta para personas con diabetes.'),
	(154, 2, 'Apta para personas con colesterol alto.'),
	(155, 1, 'Apta para personas con diabetes si se usa harina sin gluten y en porciones controladas.'),
	(155, 2, 'Apta para personas con colesterol si se elimina ricotta y se usa leche vegetal.'),
	(157, 1, 'No apta para personas con diabetes, contiene harina refinada y fritura.'),
	(157, 2, 'No apta para personas con colesterol alto, por el uso de nata y fritura en aceite de girasol.'),
	(158, 1, 'No apta para personas con diabetes debido al uso de patatas confitadas.'),
	(158, 2, 'Apta para colesterol si se usa aceite de oliva con moderación.'),
	(159, 1, 'No apta para personas con diabetes debido a la fritura y contenido graso.'),
	(159, 2, 'No apta para colesterol alto por el uso de nata y queso graso.'),
	(160, 1, 'No apta para personas con diabetes por la pasta tradicional.'),
	(160, 2, 'No recomendable para colesterol alto por el solomillo y frutos secos en cantidad.'),
	(161, 1, 'Apta para diabetes si se controla la cantidad de acompañamiento.'),
	(161, 2, 'No apta para personas con colesterol alto, contiene crema y fritura.'),
	(162, 1, 'Apta con moderación para diabetes. Usar porciones controladas y grasas saludables.'),
	(162, 2, 'No apta en su versión original. Puede adaptarse usando carnes magras y sin nata.'),
	(163, 1, 'No apta para personas con diabetes, contiene masa y nata.'),
	(163, 2, 'No apta para personas con colesterol alto debido a la nata y el queso gruyère.'),
	(164, 2, 'No apta para colesterol alto por el uso de fritura, carne de ave silvestre y aceite.'),
	(165, 1, 'Apta para personas con diabetes en porciones controladas.'),
	(165, 2, 'No apta para colesterol alto: contiene carne grasa y lácteos enteros.'),
	(166, 1, 'Apta para personas con diabetes en porciones moderadas.'),
	(166, 2, 'No apta para personas con colesterol alto, contiene piel de pollo y miel opcional.'),
	(167, 1, 'No apta para personas con diabetes.'),
	(167, 2, 'No apta para colesterol alto, contiene grasas animales y azúcares.'),
	(168, 1, 'No apta para personas con diabetes, contiene azúcares y bourbon.'),
	(168, 2, 'No recomendada para personas con colesterol alto, por grasa de cerdo y mayonesa.'),
	(169, 1, 'No apta para personas con diabetes debido a la presencia de azúcares.'),
	(169, 2, 'No apta para personas con colesterol alto por uso de mantequilla y huevos.'),
	(170, 1, 'No apta para personas con diabetes debido a contenido en azúcar.'),
	(170, 2, 'Apta con moderación. Grasas saludables de avellana y cocción sin aceite.'),
	(171, 1, 'No apta para personas con diabetes, alto contenido de azúcar y chocolate.'),
	(171, 2, 'No apta para colesterol alto, contiene nata y caviar con alto contenido graso.'),
	(172, 1, 'No apta para diabetes, contiene azúcar y harina refinada.'),
	(172, 2, 'No apta para colesterol alto, contiene azúcar y pescado graso.'),
	(173, 1, 'No apta para personas con diabetes por uso de miel y sirope de arce.'),
	(173, 2, 'No recomendada para personas con colesterol alto por uso de mantequilla.'),
	(174, 1, 'No apta para diabetes por el alto contenido de azúcar'),
	(174, 2, 'No apta para colesterol alto, contiene mantequilla y miel'),
	(175, 1, 'No apta para personas con diabetes'),
	(175, 2, 'Apta para colesterol si se consume en moderación'),
	(176, 1, 'No apta para personas con diabetes.'),
	(176, 2, 'No apta para personas con colesterol alto.'),
	(177, 1, 'No apta para diabetes por contenido de miel, helado y pan'),
	(177, 2, 'No apta para colesterol alto debido a la fritura y el helado cremoso'),
	(178, 1, 'No apta para personas con diabetes por alto contenido de azúcar.'),
	(178, 2, 'No apta para colesterol alto por mantequilla y yemas.'),
	(179, 1, 'No apta para diabetes por alto contenido en azúcares.'),
	(179, 2, 'No apta para colesterol por leche evaporada y chocolate blanco.'),
	(180, 1, 'No apta para personas con diabetes, contiene azúcares simples.'),
	(180, 2, 'No apta para personas con colesterol alto, contiene nata y mantequilla.'),
	(181, 1, 'No apta para personas con diabetes por alto contenido de azúcar.'),
	(181, 2, 'No apta para personas con colesterol alto.'),
	(182, 1, 'No apta para personas con diabetes, alto contenido de azúcar.'),
	(182, 2, 'No apta para personas con colesterol alto, contiene mantequilla.'),
	(183, 1, 'No apta para personas con diabetes. Contiene azúcar y galletas.'),
	(183, 2, 'No apta para colesterol alto. Contiene nata y mascarpone.'),
	(184, 1, 'Apta para personas con diabetes si se acompaña de guarnición adecuada.'),
	(184, 2, 'Apta para colesterol por el tipo de pescado y grasas usadas.'),
	(185, 1, 'Apta para personas con diabetes si se controla el acompañamiento y porción.'),
	(185, 2, 'Apta para colesterol alto, uso de pescado magro y grasas saludables.'),
	(186, 1, 'No apta para personas con diabetes, contiene harina refinada y fritura.'),
	(186, 2, 'No apta para personas con colesterol alto por el contenido en frituras y mayonesa.'),
	(187, 1, 'Apta para personas con diabetes, sin azúcares añadidos y con hortalizas de bajo índice glucémico.'),
	(187, 2, 'Apta para colesterol alto si se emplea nata vegetal.'),
	(188, 1, 'No apta para personas con diabetes, contiene miel y patatas con alto índice glucémico.'),
	(188, 2, 'Apta si se sustituye la mantequilla por aceite de oliva.'),
	(189, 2, 'No apto para personas con colesterol alto debido al contenido de mariscos y fritura'),
	(190, 1, 'No apta para personas con diabetes.'),
	(190, 2, 'No apta para personas con colesterol alto.'),
	(191, 1, 'Apta para diabetes, los ingredientes tienen bajo impacto glucémico.'),
	(191, 2, 'No apta para colesterol alto por la presencia de pescado y almendras.'),
	(192, 1, 'No apta para personas con diabetes.'),
	(192, 2, 'Puede ser moderadamente apta si se controla el queso y la mantequilla.'),
	(193, 1, 'Apta con moderación para personas con diabetes si se reduce el azúcar en la salsa.'),
	(193, 2, 'Apta para colesterol si se usa poca mantequilla o se sustituye por aceite de oliva.'),
	(194, 2, 'No apta para personas con colesterol alto. Contiene mantequilla y leche entera.'),
	(195, 1, 'No apta para personas con diabetes, contiene patata y harina de alto índice glucémico.'),
	(195, 2, 'Apta si se consume con moderación, el jamón aporta grasa pero en baja cantidad.'),
	(196, 1, 'Apta para diabetes si se controla la porción de arroz o se sustituye por arroz integral.'),
	(196, 2, 'No apta para colesterol por presencia de marisco y leche de coco.'),
	(197, 1, 'No apta para personas con diabetes.'),
	(197, 2, 'No apta para personas con colesterol alto.'),
	(198, 1, 'No apta para personas con diabetes por la combinación de arroz blanco, lentejas y azúcar.'),
	(198, 2, 'Apta con moderación para colesterol si no se abusa del ghee.'),
	(199, 1, 'Apta para personas con diabetes si se controla el eritritol.'),
	(199, 2, 'Apta para personas con colesterol alto. Sin grasas animales.'),
	(200, 1, 'Apta para personas con diabetes si se controla la cantidad de edulcorante.'),
	(200, 2, 'Apta para personas con colesterol alto; contiene grasas vegetales en cantidades moderadas.'),
	(201, 1, 'Apta para personas con diabetes.'),
	(201, 2, 'Apta para personas con colesterol alto si se usa nata vegetal.'),
	(202, 2, 'Apta para personas con colesterol alto. Se han usado grasas vegetales saludables y se ha evitado el uso de mantequilla o nata.'),
	(203, 2, 'Apta para personas con colesterol alto.'),
	(204, 1, 'Apta para personas con diabetes'),
	(204, 2, 'Apta para personas con colesterol alto'),
	(205, 1, 'Apta para personas con diabetes.'),
	(205, 2, 'Apta para personas con colesterol alto.'),
	(206, 2, 'Apta para personas con colesterol alto.'),
	(206, 1, 'Moderadamente apta para personas con diabetes. Puede eliminarse el azúcar.'),
	(207, 2, 'Apta para personas con colesterol alto. Sin huevo ni grasas saturadas.'),
	(208, 1, 'No apta para diabetes salvo modificación.'),
	(208, 2, 'Apta, no contiene ingredientes con colesterol.'),
	(209, 1, 'Apta para personas con diabetes tipo 1 por uso de eritritol.'),
	(209, 2, 'Apta para personas con colesterol alto, no contiene grasas animales.'),
	(210, 1, 'Apta para personas con diabetes en porción moderada.'),
	(210, 2, 'Apta para personas con colesterol alto.'),
	(211, 1, 'Apta para personas con diabetes tipo 1.'),
	(211, 2, 'Apta para personas con colesterol alto.'),
	(212, 1, 'Apta para personas con diabetes.'),
	(212, 2, 'Apta para personas con colesterol alto.'),
	(213, 1, 'Apta para personas con diabetes.'),
	(213, 2, 'Apta para personas con colesterol alto en cantidades moderadas.');
/*!40000 ALTER TABLE `receta_enfermedad` ENABLE KEYS */;

-- Volcando estructura para tabla db_salcooking.receta_ingrediente
DROP TABLE IF EXISTS `receta_ingrediente`;
CREATE TABLE IF NOT EXISTS `receta_ingrediente` (
  `id_receta` int(11) NOT NULL,
  `id_ingrediente` int(11) NOT NULL,
  `cantidad` decimal(6,2) DEFAULT NULL,
  `fraccion` varchar(10) DEFAULT NULL,
  `id_unidad` int(11) DEFAULT NULL,
  PRIMARY KEY (`id_receta`,`id_ingrediente`)
) ENGINE=MyISAM DEFAULT CHARSET=utf8mb3 COLLATE=utf8mb3_general_ci;

-- Volcando datos para la tabla db_salcooking.receta_ingrediente: 2.068 rows
/*!40000 ALTER TABLE `receta_ingrediente` DISABLE KEYS */;
INSERT IGNORE INTO `receta_ingrediente` (`id_receta`, `id_ingrediente`, `cantidad`, `fraccion`, `id_unidad`) VALUES
	(7, 6, NULL, NULL, NULL),
	(7, 7, NULL, NULL, NULL),
	(7, 26, NULL, NULL, NULL),
	(7, 27, NULL, NULL, NULL),
	(7, 28, NULL, NULL, NULL),
	(7, 29, NULL, NULL, NULL),
	(7, 30, NULL, NULL, NULL),
	(7, 31, NULL, NULL, NULL),
	(7, 32, NULL, NULL, NULL),
	(8, 1, 100.00, NULL, 22),
	(8, 2, 25.00, NULL, 22),
	(8, 3, 1.00, NULL, 23),
	(8, 4, 100.00, NULL, 25),
	(8, 5, 4.00, NULL, 42),
	(8, 6, 1.00, NULL, 37),
	(8, 7, 1.00, NULL, 37),
	(9, 6, 1.00, NULL, 37),
	(9, 27, 50.00, NULL, 22),
	(9, 28, 30.00, NULL, 22),
	(9, 43, 100.00, NULL, 22),
	(9, 44, 1.00, NULL, 39),
	(9, 45, 30.00, NULL, 22),
	(9, 46, 10.00, NULL, 25),
	(9, 47, 5.00, NULL, 25),
	(9, 48, 1.00, NULL, 37),
	(10, 35, 150.00, NULL, 22),
	(10, 36, 200.00, NULL, 22),
	(10, 37, 3.00, NULL, 39),
	(10, 38, 100.00, NULL, 22),
	(10, 39, 50.00, NULL, 22),
	(10, 40, 200.00, NULL, 22),
	(10, 41, 100.00, NULL, 22),
	(10, 42, 100.00, NULL, 25),
	(11, 6, 1.00, NULL, 37),
	(11, 7, 1.00, NULL, 37),
	(11, 31, 2.00, NULL, 34),
	(11, 43, 100.00, NULL, 22),
	(11, 77, 1.00, NULL, NULL),
	(11, 78, 1.00, NULL, NULL),
	(11, 79, 1.00, NULL, NULL),
	(11, 80, 1.00, NULL, NULL),
	(11, 81, 0.50, NULL, NULL),
	(11, 82, 1.00, NULL, NULL),
	(12, 37, 2.00, NULL, NULL),
	(12, 83, 1.00, NULL, NULL),
	(12, 84, 50.00, NULL, 22),
	(12, 85, 1.00, '1/2', 35),
	(12, 86, 1.00, NULL, 35),
	(14, 2, 6.00, NULL, NULL),
	(14, 5, 1.00, '1/2', 42),
	(14, 6, 1.00, NULL, 37),
	(14, 7, 1.00, NULL, 37),
	(14, 44, 1.00, NULL, NULL),
	(14, 46, 1.00, NULL, 35),
	(14, 47, 1.00, NULL, 35),
	(14, 89, 2.00, NULL, NULL),
	(15, 6, 1.00, NULL, 37),
	(15, 44, 1.00, NULL, 39),
	(15, 48, 1.00, NULL, 37),
	(15, 89, 2.00, NULL, 39),
	(15, 91, 1.00, NULL, 39),
	(15, 92, 1.00, NULL, 34),
	(15, 93, 1.00, NULL, 30),
	(16, 6, 1.00, NULL, 37),
	(16, 7, 1.00, NULL, 37),
	(16, 31, 1.00, NULL, 35),
	(16, 37, 3.00, NULL, 39),
	(16, 77, 0.50, NULL, 39),
	(16, 98, 50.00, NULL, 22),
	(16, 99, 1.00, NULL, 39),
	(16, 100, 0.50, NULL, 39),
	(17, 83, 1.00, NULL, 39),
	(17, 85, 1.00, NULL, 35),
	(17, 106, 50.00, NULL, 22),
	(17, 107, 200.00, NULL, 25),
	(17, 108, 1.00, NULL, 35),
	(18, 83, 1.00, NULL, 39),
	(18, 108, 1.00, NULL, 35),
	(18, 111, 1.00, NULL, 30),
	(18, 112, 200.00, NULL, 25),
	(18, 113, 1.00, NULL, 34),
	(19, 2, 10.00, NULL, 22),
	(19, 85, 1.00, NULL, 35),
	(19, 113, 10.00, NULL, 22),
	(19, 116, 150.00, NULL, 22),
	(19, 117, 50.00, NULL, 22),
	(19, 118, 10.00, NULL, 22),
	(19, 119, 1.00, NULL, 35),
	(20, 108, 1.00, NULL, 35),
	(20, 113, 30.00, NULL, 22),
	(20, 123, 200.00, NULL, 25),
	(20, 124, 50.00, NULL, 22),
	(20, 125, 50.00, NULL, 22),
	(21, 6, 1.00, NULL, 37),
	(21, 38, 1.00, NULL, 35),
	(21, 111, 50.00, NULL, 22),
	(21, 128, 150.00, NULL, 22),
	(21, 129, 30.00, NULL, 22),
	(21, 130, 1.00, NULL, 37),
	(22, 6, 1.00, NULL, 37),
	(22, 46, 1.00, NULL, 35),
	(22, 83, 1.00, NULL, 39),
	(22, 85, 0.50, NULL, 35),
	(22, 91, 1.00, NULL, 39),
	(22, 134, 60.00, NULL, 22),
	(22, 135, 60.00, NULL, 25),
	(22, 136, 0.50, NULL, 35),
	(23, 6, 1.00, NULL, 37),
	(23, 28, 50.00, NULL, 22),
	(23, 46, 5.00, NULL, 25),
	(23, 99, 50.00, NULL, 22),
	(23, 100, 50.00, NULL, 22),
	(23, 142, 200.00, NULL, 22),
	(23, 143, 50.00, NULL, 22),
	(23, 144, 150.00, NULL, 25),
	(23, 145, 1.00, NULL, 37),
	(23, 146, 50.00, NULL, 22),
	(24, 32, 1.00, NULL, 35),
	(24, 45, 10.00, NULL, 22),
	(24, 124, 50.00, NULL, 22),
	(24, 152, 50.00, NULL, 22),
	(24, 153, 1.00, NULL, NULL),
	(24, 154, 1.00, NULL, 35),
	(25, 85, 1.00, NULL, 35),
	(25, 158, 60.00, NULL, 22),
	(25, 159, 200.00, NULL, 25),
	(25, 160, 1.00, NULL, 39),
	(25, 161, 1.00, NULL, 35),
	(25, 162, 1.00, NULL, 37),
	(25, 163, 1.00, NULL, 35),
	(26, 77, 1.00, NULL, 39),
	(26, 99, 1.00, NULL, 39),
	(26, 144, 1.00, NULL, NULL),
	(26, 158, 80.00, NULL, 22),
	(26, 162, 1.00, NULL, 37),
	(26, 164, 1.00, NULL, 30),
	(26, 165, 1.00, NULL, 34),
	(26, 166, 1.00, NULL, 34),
	(26, 167, 1.00, NULL, 35),
	(26, 168, 1.00, NULL, 34),
	(27, 81, 1.00, NULL, 35),
	(27, 82, 1.00, NULL, NULL),
	(27, 135, 200.00, NULL, 25),
	(27, 174, 1.00, NULL, 39),
	(27, 175, 1.00, NULL, 34),
	(27, 176, 3.00, NULL, NULL),
	(29, 37, 3.00, NULL, 39),
	(29, 44, 0.50, NULL, 39),
	(29, 48, 1.00, NULL, 37),
	(29, 86, 1.00, NULL, 34),
	(29, 162, 1.00, NULL, 37),
	(29, 188, 1.00, NULL, 30),
	(29, 189, 1.00, NULL, 35),
	(30, 32, 0.50, NULL, 39),
	(30, 44, 0.50, NULL, 39),
	(30, 113, 1.00, NULL, 34),
	(30, 130, 1.00, NULL, 37),
	(30, 135, 1.00, NULL, 30),
	(30, 189, 0.50, NULL, 35),
	(30, 195, 1.00, NULL, 30),
	(30, 196, 1.00, NULL, 34),
	(30, 197, 3.00, NULL, NULL),
	(32, 48, 1.00, NULL, 37),
	(32, 98, 40.00, NULL, 22),
	(32, 108, 1.00, NULL, 35),
	(32, 113, 1.00, NULL, 35),
	(32, 117, 50.00, NULL, 22),
	(32, 135, 200.00, NULL, 25),
	(32, 145, 0.50, NULL, 35),
	(32, 204, 0.50, NULL, 35),
	(32, 205, 1.00, NULL, 35),
	(33, 6, 1.00, NULL, 37),
	(33, 46, 1.00, NULL, 34),
	(33, 91, 1.00, NULL, 39),
	(33, 123, 150.00, NULL, 25),
	(33, 154, 1.00, NULL, 35),
	(33, 224, 100.00, NULL, 22),
	(33, 225, 1.00, NULL, 35),
	(34, 6, 1.00, NULL, 29),
	(34, 46, 1.00, NULL, 26),
	(34, 231, 1.00, NULL, 39),
	(34, 232, 3.00, NULL, 24),
	(34, 233, 4.00, NULL, 39),
	(34, 234, 1.00, NULL, 29),
	(35, 31, 0.50, NULL, 40),
	(35, 91, 1.00, NULL, 39),
	(35, 119, 1.00, NULL, 40),
	(35, 135, 100.00, NULL, 25),
	(35, 237, 50.00, NULL, 22),
	(35, 238, 60.00, NULL, 22),
	(35, 239, 40.00, NULL, 22),
	(36, 83, 0.50, NULL, 39),
	(36, 85, 1.00, NULL, 41),
	(36, 113, 1.00, NULL, 30),
	(36, 117, 50.00, NULL, 22),
	(36, 206, 1.00, NULL, 30),
	(36, 244, 40.00, NULL, 22),
	(36, 245, 200.00, NULL, 25),
	(36, 246, 1.00, NULL, 30),
	(37, 6, 1.00, NULL, 37),
	(37, 37, 4.00, NULL, 39),
	(37, 46, 1.00, NULL, 35),
	(37, 134, 120.00, NULL, 22),
	(37, 136, 1.00, NULL, 35),
	(37, 252, 120.00, NULL, 22),
	(37, 253, 1.00, NULL, 35),
	(37, 254, 2.00, NULL, 39),
	(38, 5, 1.00, NULL, 42),
	(38, 6, 1.00, NULL, 37),
	(38, 46, 1.00, NULL, 35),
	(38, 48, 1.00, NULL, 37),
	(38, 234, 1.00, NULL, 37),
	(38, 260, 100.00, NULL, 22),
	(38, 261, 2.00, NULL, 39),
	(38, 262, 1.00, NULL, 39),
	(39, 5, 1.00, NULL, 42),
	(39, 6, 1.00, NULL, 37),
	(39, 46, 10.00, NULL, 25),
	(39, 47, 10.00, NULL, 25),
	(39, 48, 1.00, NULL, 37),
	(39, 79, 2.00, NULL, 39),
	(39, 165, 15.00, NULL, 22),
	(39, 268, 4.00, NULL, 39),
	(39, 269, 10.00, NULL, 25),
	(39, 270, 5.00, NULL, 22),
	(39, 271, 1.00, NULL, 37),
	(40, 6, 1.00, NULL, 37),
	(40, 46, 1.00, NULL, 35),
	(40, 85, 0.50, NULL, 35),
	(40, 118, 1.00, NULL, 34),
	(40, 279, 60.00, NULL, 22),
	(40, 280, 1.00, NULL, 34),
	(40, 281, 1.00, NULL, 34),
	(40, 282, 1.00, NULL, 34),
	(40, 283, 100.00, NULL, 22),
	(40, 284, 80.00, NULL, 22),
	(41, 46, 1.00, NULL, 35),
	(41, 91, 1.00, NULL, 39),
	(41, 113, 1.00, NULL, 35),
	(41, 119, 0.50, NULL, 35),
	(41, 135, 100.00, NULL, 25),
	(41, 136, 0.50, NULL, 35),
	(41, 204, 1.00, NULL, 37),
	(41, 286, 60.00, NULL, 22),
	(41, 287, 1.00, NULL, 39),
	(41, 288, 1.00, NULL, 39),
	(41, 289, 5.00, NULL, 22),
	(42, 6, 1.00, NULL, 37),
	(42, 37, 2.00, NULL, 39),
	(42, 48, 1.00, NULL, 37),
	(42, 81, 1.00, NULL, NULL),
	(42, 111, 50.00, NULL, 22),
	(42, 135, 1.00, NULL, 34),
	(42, 143, 30.00, NULL, 22),
	(42, 144, 300.00, NULL, 25),
	(42, 297, 50.00, NULL, 22),
	(42, 298, 1.00, NULL, NULL),
	(42, 299, 5.00, NULL, 22),
	(42, 300, 1.00, NULL, 35),
	(43, 6, 1.00, NULL, 37),
	(43, 46, 5.00, NULL, 25),
	(43, 309, 200.00, NULL, 22),
	(43, 310, 200.00, NULL, 25),
	(43, 311, 10.00, NULL, NULL),
	(43, 312, 1.00, NULL, 39),
	(43, 313, 1.00, NULL, 37),
	(44, 6, 1.00, NULL, 37),
	(44, 28, 100.00, NULL, 22),
	(44, 46, 30.00, NULL, 25),
	(44, 176, 1.00, NULL, 39),
	(44, 313, 1.00, NULL, 37),
	(44, 316, 300.00, NULL, 22),
	(44, 317, 10.00, NULL, NULL),
	(44, 318, 5.00, NULL, 25),
	(45, 6, 1.00, NULL, 37),
	(45, 46, 5.00, NULL, 25),
	(45, 77, 200.00, NULL, 22),
	(45, 313, 1.00, NULL, 37),
	(45, 324, 150.00, NULL, 22),
	(45, 325, 50.00, NULL, 22),
	(45, 326, 250.00, NULL, 25),
	(46, 5, 1.00, NULL, 42),
	(46, 6, 1.00, NULL, 37),
	(46, 46, 1.00, NULL, 34),
	(46, 48, 1.00, NULL, 37),
	(46, 77, 1.00, NULL, 39),
	(46, 99, 1.00, NULL, 39),
	(46, 144, 750.00, NULL, 25),
	(46, 146, 1.00, NULL, NULL),
	(46, 325, 1.00, NULL, 39),
	(46, 331, 100.00, NULL, 22),
	(46, 332, 50.00, NULL, 22),
	(47, 6, 1.00, NULL, 37),
	(47, 46, 10.00, NULL, 25),
	(47, 48, 1.00, NULL, 37),
	(47, 287, 1.00, NULL, 39),
	(47, 318, 5.00, NULL, 25),
	(47, 342, 100.00, NULL, 22),
	(47, 343, 50.00, NULL, 22),
	(47, 344, 30.00, NULL, 22),
	(48, 5, 1.00, NULL, 42),
	(48, 6, 1.00, NULL, 37),
	(48, 28, 50.00, NULL, 22),
	(48, 46, 10.00, NULL, 25),
	(48, 48, 1.00, NULL, 37),
	(48, 78, 30.00, NULL, 22),
	(48, 262, 1.00, NULL, 39),
	(48, 283, 100.00, NULL, 25),
	(48, 318, 5.00, NULL, 25),
	(48, 342, 200.00, NULL, 22),
	(49, 5, 2.00, NULL, 42),
	(49, 6, 1.00, NULL, 37),
	(49, 7, 1.00, NULL, 37),
	(49, 32, 1.00, NULL, 34),
	(49, 46, 1.00, NULL, 34),
	(49, 77, 1.00, NULL, 39),
	(49, 78, 0.50, NULL, 39),
	(49, 80, 0.50, NULL, 39),
	(49, 91, 1.00, NULL, 39),
	(49, 99, 1.00, NULL, 39),
	(49, 360, 6.00, NULL, 39),
	(49, 361, 150.00, NULL, 25),
	(49, 362, 0.50, NULL, NULL),
	(50, 5, 1.00, NULL, 42),
	(50, 6, 1.00, NULL, 37),
	(50, 46, 15.00, NULL, 25),
	(50, 47, 1.00, NULL, 39),
	(50, 48, 1.00, NULL, 37),
	(50, 78, 50.00, NULL, 22),
	(50, 91, 1.00, NULL, 39),
	(50, 99, 50.00, NULL, 22),
	(50, 164, 50.00, NULL, 22),
	(50, 167, 1.00, NULL, 35),
	(50, 373, 200.00, NULL, 22),
	(50, 374, 30.00, NULL, 22),
	(50, 375, 1.00, NULL, 39),
	(50, 376, 1.00, NULL, 35),
	(51, 6, 1.00, NULL, 37),
	(51, 46, 2.00, NULL, 34),
	(51, 47, 0.50, NULL, 39),
	(51, 48, 1.00, NULL, 37),
	(51, 77, 1.00, NULL, 39),
	(51, 78, 1.00, NULL, 39),
	(51, 79, 1.00, NULL, 39),
	(51, 108, 1.00, NULL, 34),
	(51, 387, 1.00, NULL, 39),
	(51, 388, 1.00, NULL, 39),
	(51, 389, 1.00, NULL, 39),
	(52, 6, 1.00, NULL, 37),
	(52, 46, 10.00, NULL, 25),
	(52, 48, 1.00, NULL, 37),
	(52, 91, 1.00, NULL, 39),
	(52, 318, 10.00, NULL, 25),
	(52, 398, 8.00, NULL, 39),
	(52, 399, 1.00, NULL, 35),
	(53, 6, 1.00, NULL, 37),
	(53, 46, 1.00, NULL, 35),
	(53, 47, 1.00, NULL, 35),
	(53, 48, 1.00, NULL, 37),
	(53, 77, 1.00, NULL, 39),
	(53, 405, 50.00, NULL, 22),
	(53, 406, 2.00, NULL, 39),
	(53, 407, 1.00, NULL, 35),
	(54, 6, 1.00, NULL, 37),
	(54, 28, 100.00, NULL, 22),
	(54, 46, 10.00, NULL, 25),
	(54, 47, 5.00, NULL, 25),
	(54, 80, 10.00, NULL, 22),
	(54, 130, 1.00, NULL, 37),
	(54, 311, 1.00, NULL, 37),
	(54, 413, 100.00, NULL, 22),
	(54, 414, 30.00, NULL, 22),
	(55, 5, 1.00, NULL, 42),
	(55, 6, 1.00, NULL, 37),
	(55, 46, 10.00, NULL, 25),
	(55, 48, 1.00, NULL, 37),
	(55, 77, 1.00, NULL, 39),
	(55, 78, 1.00, NULL, 39),
	(55, 100, 0.50, NULL, 39),
	(55, 262, 1.00, NULL, 39),
	(55, 422, 150.00, NULL, 22),
	(56, 6, 1.00, NULL, 37),
	(56, 46, 5.00, NULL, 25),
	(56, 48, 1.00, NULL, 37),
	(56, 77, 50.00, NULL, 22),
	(56, 99, 50.00, NULL, 22),
	(56, 311, 2.00, NULL, NULL),
	(56, 312, 150.00, NULL, 22),
	(56, 325, 40.00, NULL, 22),
	(56, 431, 1.00, NULL, 37),
	(56, 432, 50.00, NULL, 22),
	(56, 433, 1.00, NULL, 35),
	(57, 5, 0.50, NULL, 42),
	(57, 6, 1.00, NULL, 37),
	(57, 46, 1.00, NULL, 34),
	(57, 47, 5.00, NULL, 25),
	(57, 48, 1.00, NULL, 37),
	(57, 116, 100.00, NULL, 22),
	(57, 442, 200.00, NULL, 22),
	(57, 443, 1.00, NULL, 35),
	(57, 444, 1.00, NULL, NULL),
	(58, 5, 1.00, NULL, 42),
	(58, 6, 1.00, NULL, 37),
	(58, 46, 10.00, NULL, 25),
	(58, 48, 1.00, NULL, 37),
	(58, 99, 1.00, NULL, 39),
	(58, 100, 0.50, NULL, 39),
	(58, 123, 200.00, NULL, 25),
	(58, 145, 0.50, NULL, 35),
	(58, 312, 100.00, NULL, 22),
	(58, 442, 250.00, NULL, 22),
	(59, 5, 1.00, NULL, 42),
	(59, 46, 1.00, NULL, 34),
	(59, 47, 1.00, NULL, 34),
	(59, 48, 1.00, NULL, 37),
	(59, 77, 80.00, NULL, 22),
	(59, 78, 50.00, NULL, 22),
	(59, 99, 40.00, NULL, 22),
	(59, 164, 100.00, NULL, 22),
	(59, 387, 50.00, NULL, 22),
	(59, 461, 100.00, NULL, 22),
	(59, 462, 1.00, NULL, 35),
	(59, 463, 1.00, NULL, 35),
	(59, 464, 2.00, NULL, 34),
	(60, 5, 1.00, NULL, 42),
	(60, 6, 1.00, NULL, 37),
	(60, 46, 1.00, NULL, 35),
	(60, 47, 5.00, NULL, 25),
	(60, 48, 1.00, NULL, 37),
	(60, 474, 100.00, NULL, 22),
	(60, 475, 80.00, NULL, 22),
	(61, 6, 1.00, NULL, 37),
	(61, 46, 1.00, NULL, 35),
	(61, 48, 1.00, NULL, 37),
	(61, 91, 1.00, NULL, 39),
	(61, 99, 100.00, NULL, 22),
	(61, 325, 100.00, NULL, 22),
	(61, 444, 5.00, NULL, 22),
	(61, 481, 50.00, NULL, 25),
	(61, 482, 100.00, NULL, 22),
	(61, 483, 10.00, NULL, 22),
	(62, 6, 1.00, NULL, 37),
	(62, 46, 10.00, NULL, 25),
	(62, 48, 1.00, NULL, 37),
	(62, 77, 50.00, NULL, 22),
	(62, 78, 30.00, NULL, 22),
	(62, 79, 50.00, NULL, 22),
	(62, 80, 20.00, NULL, 22),
	(62, 318, 5.00, NULL, 25),
	(62, 444, 1.00, NULL, 35),
	(62, 491, 100.00, NULL, 22),
	(63, 5, 1.00, NULL, 42),
	(63, 27, 4.00, NULL, 39),
	(63, 99, 50.00, NULL, 22),
	(63, 154, 1.00, NULL, 35),
	(63, 332, 50.00, NULL, 22),
	(63, 464, 1.00, NULL, 34),
	(63, 501, 200.00, NULL, 22),
	(63, 502, 1.00, NULL, 39),
	(63, 503, 1.00, NULL, 35),
	(63, 504, 1.00, NULL, 37),
	(64, 5, 1.00, NULL, 42),
	(64, 6, 1.00, NULL, 37),
	(64, 27, 50.00, NULL, 22),
	(64, 46, 10.00, NULL, 25),
	(64, 47, 5.00, NULL, 25),
	(64, 271, 1.00, NULL, 37),
	(64, 407, 3.00, NULL, NULL),
	(64, 511, 100.00, NULL, 22),
	(65, 46, 5.00, NULL, 25),
	(65, 47, 1.00, NULL, 35),
	(65, 130, 1.00, NULL, 37),
	(65, 162, 1.00, NULL, 37),
	(65, 461, 80.00, NULL, 22),
	(65, 519, 3.00, NULL, 39),
	(65, 520, 20.00, NULL, 22),
	(65, 521, 20.00, NULL, 22),
	(65, 522, 15.00, NULL, 22),
	(65, 523, 10.00, NULL, 22),
	(65, 524, 5.00, NULL, 22),
	(65, 525, 0.50, NULL, 35),
	(65, 526, 1.00, NULL, 35),
	(66, 6, 1.00, NULL, 37),
	(66, 27, 50.00, NULL, 22),
	(66, 46, 1.00, NULL, 34),
	(66, 48, 1.00, NULL, 37),
	(66, 78, 30.00, NULL, 22),
	(66, 91, 1.00, NULL, 39),
	(66, 318, 1.00, NULL, 35),
	(66, 332, 100.00, NULL, 22),
	(66, 532, 50.00, NULL, 22),
	(66, 533, 30.00, NULL, 22),
	(67, 5, 1.00, NULL, 42),
	(67, 6, 1.00, NULL, 37),
	(67, 46, 5.00, NULL, 25),
	(67, 100, 0.25, NULL, 39),
	(67, 111, 100.00, NULL, 22),
	(67, 130, 1.00, NULL, 37),
	(67, 299, 5.00, NULL, 22),
	(67, 442, 150.00, NULL, 22),
	(67, 542, 100.00, NULL, 22),
	(67, 543, 100.00, NULL, 25),
	(67, 544, 0.50, NULL, 35),
	(68, 6, 1.00, NULL, 37),
	(68, 28, 1.00, NULL, 39),
	(68, 46, 1.00, NULL, 34),
	(68, 48, 1.00, NULL, 37),
	(68, 77, 1.00, NULL, 39),
	(68, 78, 1.00, NULL, 39),
	(68, 79, 1.00, NULL, 39),
	(68, 80, 1.00, NULL, 39),
	(68, 168, 1.00, NULL, 35),
	(68, 270, 1.00, NULL, 35),
	(68, 475, 100.00, NULL, 22),
	(68, 553, 1.00, NULL, 35),
	(68, 554, 1.00, NULL, 34),
	(69, 6, 1.00, NULL, 37),
	(69, 7, 1.00, NULL, 37),
	(69, 28, 0.50, NULL, 39),
	(69, 46, 2.00, NULL, 34),
	(69, 77, 1.00, NULL, 39),
	(69, 78, 0.50, NULL, 39),
	(69, 99, 1.00, NULL, 39),
	(69, 166, 2.00, NULL, 34),
	(69, 299, 1.00, NULL, 35),
	(69, 317, 1.00, NULL, 34),
	(69, 318, 1.00, NULL, 34),
	(69, 433, 1.00, NULL, 39),
	(69, 566, 200.00, NULL, 22),
	(69, 567, 1.00, NULL, 35),
	(69, 568, 100.00, NULL, 22),
	(69, 569, 1.00, NULL, 35),
	(70, 144, 500.00, NULL, 25),
	(70, 168, 1.00, NULL, 35),
	(70, 270, 1.00, NULL, 37),
	(70, 461, 50.00, NULL, 22),
	(70, 582, 2.00, NULL, 34),
	(70, 583, 100.00, NULL, 22),
	(70, 584, 30.00, NULL, 22),
	(70, 585, 2.00, NULL, 22),
	(71, 5, 1.00, NULL, 42),
	(71, 6, 1.00, NULL, 37),
	(71, 46, 10.00, NULL, 25),
	(71, 48, 1.00, NULL, 37),
	(71, 80, 30.00, NULL, 22),
	(71, 99, 50.00, NULL, 22),
	(71, 164, 50.00, NULL, 22),
	(71, 260, 100.00, NULL, 22),
	(71, 463, 1.00, NULL, 35),
	(71, 587, 80.00, NULL, 22),
	(72, 6, 1.00, NULL, 37),
	(72, 46, 10.00, NULL, 25),
	(72, 48, 1.00, NULL, 37),
	(72, 77, 50.00, NULL, 22),
	(72, 79, 50.00, NULL, 22),
	(72, 388, 30.00, NULL, 22),
	(72, 597, 100.00, NULL, 22),
	(72, 598, 120.00, NULL, 22),
	(72, 599, 1.00, NULL, 35),
	(73, 5, 1.00, NULL, 42),
	(73, 6, 1.00, NULL, 37),
	(73, 46, 10.00, NULL, 25),
	(73, 48, 1.00, NULL, 37),
	(73, 78, 0.50, NULL, 39),
	(73, 79, 1.00, NULL, 39),
	(73, 99, 1.00, NULL, 39),
	(73, 164, 100.00, NULL, 22),
	(73, 166, 10.00, NULL, 25),
	(73, 270, 1.00, NULL, 35),
	(73, 461, 150.00, NULL, 22),
	(73, 462, 1.00, NULL, 35),
	(74, 6, 1.00, NULL, 37),
	(74, 46, 10.00, NULL, 25),
	(74, 47, 5.00, NULL, 25),
	(74, 77, 60.00, NULL, 22),
	(74, 80, 40.00, NULL, 22),
	(74, 99, 50.00, NULL, 22),
	(74, 130, 1.00, NULL, 37),
	(74, 231, 100.00, NULL, 22),
	(74, 618, 120.00, NULL, 22),
	(74, 619, 1.00, NULL, 37),
	(75, 6, 1.00, NULL, 37),
	(75, 46, 1.00, NULL, 34),
	(75, 77, 1.00, NULL, 39),
	(75, 80, 0.50, NULL, 39),
	(75, 99, 1.00, NULL, 39),
	(75, 144, 200.00, NULL, 25),
	(75, 145, 0.50, NULL, 35),
	(75, 204, 1.00, NULL, 37),
	(75, 260, 100.00, NULL, 22),
	(75, 271, 0.50, NULL, 35),
	(75, 362, 5.00, NULL, 22),
	(75, 628, 80.00, NULL, 22),
	(75, 629, 10.00, NULL, 22),
	(76, 46, 0.50, NULL, 35),
	(76, 48, 1.00, NULL, 37),
	(76, 77, 20.00, NULL, 22),
	(76, 108, 1.00, NULL, 35),
	(76, 144, 1.00, NULL, 34),
	(76, 162, 0.50, NULL, 35),
	(76, 164, 30.00, NULL, 22),
	(76, 318, 1.00, NULL, 35),
	(76, 587, 60.00, NULL, 22),
	(76, 641, 180.00, NULL, 22),
	(76, 642, 0.50, NULL, 35),
	(76, 643, 0.50, NULL, 35),
	(76, 644, 0.50, NULL, 39),
	(76, 645, 1.00, NULL, 37),
	(76, 646, 50.00, NULL, 22),
	(77, 5, 1.00, NULL, 42),
	(77, 6, 1.00, NULL, 37),
	(77, 46, 5.00, NULL, 25),
	(77, 48, 1.00, NULL, 37),
	(77, 77, 0.50, NULL, 39),
	(77, 99, 1.00, NULL, 39),
	(77, 100, 0.25, NULL, 39),
	(77, 463, 1.00, NULL, 35),
	(77, 598, 150.00, NULL, 22),
	(77, 648, 100.00, NULL, 22),
	(77, 649, 100.00, NULL, 25),
	(78, 5, 1.00, NULL, 42),
	(78, 6, 1.00, NULL, 37),
	(78, 29, 20.00, NULL, 22),
	(78, 46, 10.00, NULL, 25),
	(78, 48, 1.00, NULL, 37),
	(78, 233, 50.00, NULL, 22),
	(78, 343, 20.00, NULL, 22),
	(78, 406, 30.00, NULL, 22),
	(78, 504, 0.50, NULL, 39),
	(78, 659, 80.00, NULL, 22),
	(78, 660, 100.00, NULL, 22),
	(78, 661, 40.00, NULL, 22),
	(78, 662, 10.00, NULL, 22),
	(79, 5, 2.00, NULL, 42),
	(79, 6, 1.00, NULL, 37),
	(79, 46, 10.00, NULL, 25),
	(79, 130, 1.00, NULL, 37),
	(79, 444, 1.00, NULL, 34),
	(79, 672, 200.00, NULL, 22),
	(79, 673, 100.00, NULL, 22),
	(79, 674, 1.00, NULL, 39),
	(79, 675, 30.00, NULL, 25),
	(80, 6, 1.00, NULL, 37),
	(80, 28, 30.00, NULL, 22),
	(80, 46, 10.00, NULL, 25),
	(80, 47, 5.00, NULL, 25),
	(80, 48, 1.00, NULL, 37),
	(80, 523, 30.00, NULL, 22),
	(80, 524, 20.00, NULL, 22),
	(80, 681, 150.00, NULL, 22),
	(80, 682, 50.00, NULL, 22),
	(80, 683, 30.00, NULL, 22),
	(80, 684, 10.00, NULL, 25),
	(81, 5, 1.00, NULL, 42),
	(81, 6, 1.00, NULL, 37),
	(81, 43, 60.00, NULL, 22),
	(81, 46, 1.00, NULL, 34),
	(81, 47, 1.00, NULL, 35),
	(81, 48, 1.00, NULL, 37),
	(81, 80, 0.25, NULL, 39),
	(81, 144, 100.00, NULL, 25),
	(81, 311, 1.00, NULL, 34),
	(81, 692, 3.00, NULL, 39),
	(81, 693, 2.00, NULL, 39),
	(82, 5, 1.00, NULL, 42),
	(82, 6, 1.00, NULL, 37),
	(82, 46, 5.00, NULL, 25),
	(82, 48, 1.00, NULL, 37),
	(82, 398, 100.00, NULL, 22),
	(82, 703, 1.00, NULL, 39),
	(82, 704, 150.00, NULL, 22),
	(82, 705, 1.00, NULL, NULL),
	(83, 5, 2.00, NULL, 42),
	(83, 6, 1.00, NULL, 37),
	(83, 46, 5.00, NULL, 25),
	(83, 48, 1.00, NULL, 37),
	(83, 100, 0.50, NULL, 39),
	(83, 111, 150.00, NULL, 22),
	(83, 145, 0.50, NULL, 35),
	(83, 271, 0.50, NULL, 35),
	(83, 299, 1.00, NULL, NULL),
	(83, 648, 160.00, NULL, 22),
	(83, 706, 200.00, NULL, 22),
	(83, 707, 1.00, NULL, 35),
	(83, 708, 150.00, NULL, 25),
	(84, 5, 1.00, NULL, 42),
	(84, 6, 1.00, NULL, 37),
	(84, 28, 1.00, NULL, 39),
	(84, 46, 1.00, NULL, 35),
	(84, 48, 1.00, NULL, 37),
	(84, 80, 0.50, NULL, 39),
	(84, 168, 1.00, NULL, 35),
	(84, 299, 1.00, NULL, 35),
	(84, 554, 1.00, NULL, 34),
	(84, 719, 2.00, NULL, 39),
	(84, 720, 1.00, NULL, 34),
	(84, 721, 1.00, NULL, 34),
	(84, 722, 0.25, NULL, 30),
	(84, 723, 1.00, NULL, 34),
	(85, 5, 1.00, NULL, 42),
	(85, 6, 0.50, NULL, 35),
	(85, 46, 1.00, NULL, 34),
	(85, 100, 0.25, NULL, 39),
	(85, 118, 30.00, NULL, 22),
	(85, 234, 1.00, NULL, 35),
	(85, 262, 2.00, NULL, 39),
	(85, 271, 1.00, NULL, 35),
	(85, 733, 200.00, NULL, 22),
	(85, 734, 2.00, NULL, 39),
	(85, 735, 1.00, NULL, 39),
	(85, 736, 250.00, NULL, 25),
	(86, 43, 40.00, NULL, 22),
	(86, 46, 1.00, NULL, 35),
	(86, 47, 5.00, NULL, 25),
	(86, 48, 1.00, NULL, 37),
	(86, 162, 1.00, NULL, 37),
	(86, 164, 50.00, NULL, 22),
	(86, 189, 0.25, NULL, 35),
	(86, 311, 2.00, NULL, NULL),
	(86, 442, 80.00, NULL, 22),
	(86, 491, 100.00, NULL, 22),
	(86, 745, 50.00, NULL, 22),
	(87, 6, 1.00, NULL, 37),
	(87, 46, 2.00, NULL, 34),
	(87, 48, 1.00, NULL, 37),
	(87, 144, 500.00, NULL, 25),
	(87, 598, 2.00, NULL, 39),
	(87, 756, 2.00, NULL, 39),
	(87, 757, 4.00, NULL, 39),
	(87, 758, 0.25, NULL, 30),
	(87, 759, 100.00, NULL, 22),
	(88, 5, 1.00, NULL, 42),
	(88, 6, 1.00, NULL, 37),
	(88, 46, 1.00, NULL, 34),
	(88, 48, 1.00, NULL, 37),
	(88, 91, 1.00, NULL, 39),
	(88, 299, 1.00, NULL, 35),
	(88, 433, 1.00, NULL, 34),
	(88, 553, 2.00, NULL, 34),
	(88, 569, 1.00, NULL, 35),
	(88, 723, 1.00, NULL, 34),
	(88, 765, 300.00, NULL, 22),
	(88, 766, 1.00, NULL, 34),
	(88, 767, 100.00, NULL, 25),
	(88, 768, 1.00, NULL, 37),
	(88, 769, 200.00, NULL, 22),
	(88, 770, 150.00, NULL, 22),
	(88, 771, 150.00, NULL, 22),
	(88, 772, 1.00, NULL, 34),
	(89, 5, 1.00, NULL, 42),
	(89, 6, 1.00, NULL, 37),
	(89, 46, 10.00, NULL, 25),
	(89, 47, 1.00, NULL, 34),
	(89, 48, 1.00, NULL, 37),
	(89, 78, 30.00, NULL, 22),
	(89, 100, 50.00, NULL, 22),
	(89, 144, 250.00, NULL, 25),
	(89, 462, 5.00, NULL, 22),
	(89, 463, 1.00, NULL, 35),
	(89, 783, 150.00, NULL, 22),
	(89, 784, 70.00, NULL, 22),
	(90, 6, 1.00, NULL, 37),
	(90, 46, 2.00, NULL, 34),
	(90, 77, 1.00, NULL, 39),
	(90, 78, 1.00, NULL, 39),
	(90, 79, 1.00, NULL, 39),
	(90, 91, 1.00, NULL, 39),
	(90, 100, 1.00, NULL, 39),
	(90, 130, 1.00, NULL, 37),
	(90, 262, 2.00, NULL, 39),
	(90, 387, 1.00, NULL, 39),
	(91, 6, 1.00, NULL, 37),
	(91, 46, 1.00, NULL, 34),
	(91, 48, 1.00, NULL, 37),
	(91, 142, 300.00, NULL, 22),
	(91, 233, 8.00, NULL, 39),
	(91, 599, 0.50, NULL, 35),
	(91, 805, 400.00, NULL, 22),
	(91, 806, 1.00, NULL, 42),
	(91, 807, 100.00, NULL, 25),
	(91, 808, 2.00, NULL, 34),
	(91, 809, 1.00, NULL, 34),
	(91, 810, 6.00, NULL, 39),
	(91, 811, 80.00, NULL, 22),
	(91, 812, 4.00, NULL, 39),
	(92, 5, 1.00, NULL, 42),
	(92, 6, 2.00, NULL, 37),
	(92, 7, 1.00, NULL, 37),
	(92, 28, 50.00, NULL, 22),
	(92, 46, 2.00, NULL, 35),
	(92, 91, 2.00, NULL, 39),
	(92, 135, 30.00, NULL, 25),
	(92, 318, 1.00, NULL, 35),
	(92, 389, 40.00, NULL, 22),
	(92, 407, 10.00, NULL, NULL),
	(92, 431, 1.00, NULL, 37),
	(92, 523, 30.00, NULL, 22),
	(92, 704, 300.00, NULL, 22),
	(92, 819, 30.00, NULL, 22),
	(92, 820, 10.00, NULL, 22),
	(93, 5, 1.00, NULL, 42),
	(93, 6, 1.00, NULL, 37),
	(93, 46, 30.00, NULL, 25),
	(93, 48, 1.00, NULL, 37),
	(93, 144, 1.00, NULL, 30),
	(93, 312, 150.00, NULL, 22),
	(93, 834, 4.00, NULL, 39),
	(93, 835, 200.00, NULL, 22),
	(93, 836, 2.00, NULL, NULL),
	(93, 837, 3.00, NULL, 39),
	(94, 5, 2.00, NULL, 42),
	(94, 6, 1.00, NULL, 37),
	(94, 46, 10.00, NULL, 25),
	(94, 48, 1.00, NULL, 37),
	(94, 77, 1.00, NULL, 39),
	(94, 78, 1.00, NULL, 39),
	(94, 79, 1.00, NULL, 39),
	(94, 100, 1.00, NULL, 39),
	(94, 234, 1.00, NULL, 35),
	(94, 844, 150.00, NULL, 22),
	(94, 845, 200.00, NULL, 22),
	(95, 5, 1.00, NULL, 42),
	(95, 6, 1.00, NULL, 37),
	(95, 46, 1.00, NULL, 34),
	(95, 48, 1.00, NULL, 37),
	(95, 91, 1.00, NULL, 39),
	(95, 98, 30.00, NULL, 22),
	(95, 444, 5.00, NULL, 22),
	(95, 491, 150.00, NULL, 22),
	(95, 845, 200.00, NULL, 22),
	(95, 855, 50.00, NULL, 22),
	(95, 856, 150.00, NULL, 22),
	(95, 857, 1.00, NULL, 35),
	(96, 46, 5.00, NULL, 25),
	(96, 77, 50.00, NULL, 22),
	(96, 78, 50.00, NULL, 22),
	(96, 80, 30.00, NULL, 22),
	(96, 461, 100.00, NULL, 22),
	(96, 553, 10.00, NULL, 25),
	(96, 567, 1.00, NULL, 37),
	(96, 645, 1.00, NULL, 37),
	(96, 867, 30.00, NULL, 22),
	(97, 6, 1.00, NULL, 37),
	(97, 46, 10.00, NULL, 25),
	(97, 48, 1.00, NULL, 37),
	(97, 77, 1.00, NULL, 39),
	(97, 80, 0.50, NULL, 39),
	(97, 99, 1.00, NULL, 39),
	(97, 598, 150.00, NULL, 22),
	(97, 876, 1.00, NULL, 34),
	(98, 5, 1.00, NULL, 42),
	(98, 6, 1.00, NULL, 37),
	(98, 46, 1.50, NULL, 35),
	(98, 48, 1.00, NULL, 37),
	(98, 100, 0.50, NULL, 39),
	(98, 143, 2.00, NULL, 34),
	(98, 234, 0.50, NULL, 35),
	(98, 808, 4.00, NULL, 34),
	(98, 845, 200.00, NULL, 22),
	(98, 884, 60.00, NULL, 22),
	(98, 885, 80.00, NULL, 22),
	(98, 886, 150.00, NULL, 22),
	(98, 887, 1.00, NULL, 35),
	(98, 888, 100.00, NULL, 25),
	(98, 889, 6.00, NULL, 39),
	(99, 5, 2.00, NULL, 42),
	(99, 6, 1.00, NULL, 37),
	(99, 46, 2.00, NULL, 34),
	(99, 48, 1.00, NULL, 37),
	(99, 100, 1.00, NULL, 39),
	(99, 234, 1.00, NULL, 35),
	(99, 542, 200.00, NULL, 22),
	(99, 899, 250.00, NULL, 22),
	(99, 900, 100.00, NULL, 22),
	(99, 901, 2.00, NULL, 39),
	(99, 902, 1.00, NULL, 34),
	(100, 5, 2.00, NULL, 42),
	(100, 6, 1.00, NULL, 37),
	(100, 46, 4.00, NULL, 34),
	(100, 48, 1.00, NULL, 37),
	(100, 78, 1.00, NULL, 39),
	(100, 444, 1.00, NULL, NULL),
	(100, 835, 1.00, NULL, 39),
	(100, 910, 300.00, NULL, 22),
	(100, 911, 100.00, NULL, 22),
	(100, 912, 100.00, NULL, 22),
	(100, 913, 100.00, NULL, 22),
	(100, 914, 1000.00, NULL, 25),
	(100, 915, 50.00, NULL, 22),
	(100, 916, 1.00, NULL, 37),
	(101, 918, 2.00, NULL, 39),
	(101, 144, 400.00, NULL, 25),
	(101, 919, 1.00, NULL, 35),
	(101, 85, 1.00, NULL, 35),
	(101, 920, 10.00, NULL, 22),
	(101, 921, 40.00, NULL, 22),
	(101, 481, 100.00, NULL, 25),
	(102, 922, 200.00, NULL, 25),
	(102, 42, 100.00, NULL, 25),
	(102, 923, 1.00, NULL, NULL),
	(102, 152, 100.00, NULL, 22),
	(102, 36, 15.00, NULL, 22),
	(102, 41, 25.00, NULL, 22),
	(102, 144, 5.00, NULL, 25),
	(102, 924, 1.00, NULL, 37),
	(103, 925, 150.00, NULL, 22),
	(103, 37, 3.00, NULL, 39),
	(103, 643, 100.00, NULL, 22),
	(103, 926, 100.00, NULL, 25),
	(103, 927, 50.00, NULL, 25),
	(103, 136, 1.00, NULL, 35),
	(103, 225, 1.00, NULL, 35),
	(103, 6, 1.00, NULL, 37),
	(103, 41, 30.00, NULL, 22),
	(104, 286, 100.00, NULL, 22),
	(104, 91, 1.00, NULL, 39),
	(104, 481, 70.00, NULL, 25),
	(104, 136, 0.50, NULL, 35),
	(104, 85, 1.00, NULL, 35),
	(104, 119, 1.00, NULL, 35),
	(104, 160, 80.00, NULL, 22),
	(104, 86, 10.00, NULL, 25),
	(104, 928, 40.00, NULL, 22),
	(105, 405, 100.00, NULL, 22),
	(105, 929, 40.00, NULL, 22),
	(105, 930, 10.00, NULL, 22),
	(105, 931, 30.00, NULL, 22),
	(105, 119, 1.00, NULL, 35),
	(105, 311, 1.00, NULL, NULL),
	(106, 91, 4.00, NULL, 39),
	(106, 36, 160.00, NULL, 22),
	(106, 35, 120.00, NULL, 22),
	(106, 225, 1.00, NULL, 35),
	(106, 932, 250.00, NULL, 22),
	(106, 933, 100.00, NULL, 25),
	(106, 42, 150.00, NULL, 25),
	(106, 47, 1.00, NULL, 35),
	(106, 361, 50.00, NULL, 25),
	(106, 934, 20.00, NULL, 25),
	(106, 935, 1.00, NULL, 35),
	(107, 933, 250.00, NULL, 25),
	(107, 42, 250.00, NULL, 25),
	(107, 936, 3.00, NULL, 39),
	(107, 36, 180.00, NULL, 22),
	(107, 937, 6.00, NULL, 22),
	(107, 81, 2.00, NULL, 39),
	(107, 919, 0.50, NULL, 35),
	(107, 144, 100.00, NULL, 25),
	(108, 938, 400.00, NULL, 25),
	(108, 939, 20.00, NULL, 22),
	(108, 919, 1.00, NULL, 35),
	(108, 119, 1.00, NULL, 35),
	(108, 145, 1.00, NULL, 37),
	(108, 298, 1.00, NULL, 39),
	(109, 286, 100.00, NULL, 22),
	(109, 37, 2.00, NULL, 39),
	(109, 940, 60.00, NULL, 25),
	(109, 46, 20.00, NULL, 25),
	(109, 252, 40.00, NULL, 22),
	(109, 941, 1.00, NULL, 35),
	(109, 942, 1.00, NULL, 35),
	(109, 6, 1.00, NULL, 37),
	(109, 943, 5.00, NULL, 22),
	(109, 144, 30.00, NULL, 25),
	(109, 944, 1.00, NULL, 22),
	(109, 108, 1.00, NULL, 35),
	(110, 945, 100.00, NULL, 22),
	(110, 38, 40.00, NULL, 22),
	(110, 129, 400.00, NULL, 22),
	(110, 42, 100.00, NULL, 25),
	(110, 37, 2.00, NULL, 39),
	(110, 36, 80.00, NULL, 22),
	(110, 919, 1.00, NULL, 35),
	(110, 47, 1.00, NULL, 35),
	(111, 83, 1.00, NULL, 39),
	(111, 135, 100.00, NULL, 25),
	(111, 946, 50.00, NULL, 22),
	(111, 91, 1.00, NULL, 39),
	(111, 85, 0.50, NULL, 35),
	(111, 86, 1.00, NULL, 35),
	(111, 125, 50.00, NULL, 22),
	(111, 32, 1.00, NULL, 35),
	(111, 119, 1.00, NULL, 35),
	(112, 316, 300.00, NULL, 22),
	(112, 311, 4.00, NULL, NULL),
	(112, 433, 1.00, NULL, 35),
	(112, 144, 60.00, NULL, 25),
	(112, 947, 50.00, NULL, 22),
	(112, 86, 0.50, NULL, 35),
	(112, 948, 80.00, NULL, 22),
	(112, 923, 1.00, NULL, NULL),
	(112, 154, 0.50, NULL, 35),
	(113, 949, 200.00, NULL, 25),
	(113, 950, 100.00, NULL, 25),
	(113, 951, 1.50, NULL, 35),
	(113, 119, 1.00, NULL, 35),
	(113, 952, 150.00, NULL, 25),
	(113, 953, 20.00, NULL, 22),
	(113, 32, 1.00, NULL, 35),
	(113, 154, 2.00, NULL, 34),
	(113, 954, 1.00, NULL, NULL),
	(113, 311, 1.00, NULL, NULL),
	(114, 955, 2.00, NULL, 39),
	(114, 956, 1.00, NULL, NULL),
	(114, 205, 10.00, NULL, 25),
	(114, 85, 1.00, NULL, 35),
	(114, 154, 1.00, NULL, 34),
	(114, 919, 1.00, NULL, 35),
	(114, 6, 1.00, NULL, 37),
	(115, 921, 30.00, NULL, 22),
	(115, 957, 15.00, NULL, 22),
	(115, 958, 1.00, NULL, 39),
	(115, 959, 10.00, NULL, 22),
	(115, 154, 1.00, NULL, 35),
	(115, 6, 1.00, NULL, 37),
	(115, 135, 100.00, NULL, 25),
	(115, 960, 2.00, NULL, 39),
	(115, 961, 1.00, NULL, 39),
	(115, 376, 1.00, NULL, 35),
	(115, 962, 1.00, NULL, 35),
	(116, 921, 30.00, NULL, 22),
	(116, 957, 15.00, NULL, 22),
	(116, 958, 1.00, NULL, 39),
	(116, 959, 10.00, NULL, 22),
	(116, 154, 1.00, NULL, 35),
	(116, 6, 1.00, NULL, 37),
	(116, 135, 100.00, NULL, 25),
	(116, 960, 2.00, NULL, 39),
	(116, 961, 1.00, NULL, 39),
	(116, 376, 1.00, NULL, 35),
	(116, 962, 1.00, NULL, 35),
	(117, 134, 60.00, NULL, 22),
	(117, 963, 10.00, NULL, 22),
	(117, 37, 2.00, NULL, 39),
	(117, 964, 10.00, NULL, 22),
	(117, 965, 2.00, NULL, NULL),
	(117, 299, 1.00, NULL, 35),
	(117, 225, 1.00, NULL, 35),
	(117, 119, 1.00, NULL, 35),
	(117, 966, 1.00, NULL, 35),
	(117, 6, 1.00, NULL, 37),
	(117, 927, 10.00, NULL, 25),
	(118, 519, 6.00, NULL, 39),
	(118, 967, 200.00, NULL, 22),
	(118, 968, 150.00, NULL, 22),
	(118, 46, 10.00, NULL, 25),
	(118, 969, 50.00, NULL, 22),
	(119, 135, 300.00, NULL, 25),
	(119, 318, 100.00, NULL, 25),
	(119, 154, 2.00, NULL, 34),
	(119, 919, 0.50, NULL, 35),
	(119, 970, 1.00, NULL, 22),
	(119, 6, 1.00, NULL, 37),
	(120, 89, 2.00, NULL, 39),
	(120, 971, 90.00, NULL, 22),
	(120, 44, 1.00, NULL, 39),
	(120, 233, 6.00, NULL, 39),
	(120, 6, 1.00, NULL, 37),
	(120, 48, 1.00, NULL, 37),
	(120, 47, 1.00, NULL, 35),
	(120, 46, 1.00, NULL, 34),
	(121, 37, 2.00, NULL, 39),
	(121, 3, 60.00, NULL, 22),
	(121, 2, 30.00, NULL, 22),
	(121, 111, 50.00, NULL, 22),
	(121, 972, 1.00, NULL, 34),
	(121, 46, 1.00, NULL, 35),
	(121, 6, 1.00, NULL, 37),
	(121, 48, 1.00, NULL, 37),
	(122, 973, 100.00, NULL, 22),
	(122, 37, 2.00, NULL, 39),
	(122, 142, 80.00, NULL, 22),
	(122, 100, 50.00, NULL, 22),
	(122, 46, 1.00, NULL, 34),
	(122, 6, 1.00, NULL, 37),
	(122, 48, 1.00, NULL, 37),
	(122, 35, 1.00, NULL, 34),
	(123, 974, 100.00, NULL, 22),
	(123, 91, 2.00, NULL, 39),
	(123, 807, 100.00, NULL, 25),
	(123, 975, 50.00, NULL, 25),
	(123, 976, 1.00, NULL, 35),
	(123, 6, 1.00, NULL, 37),
	(123, 977, 80.00, NULL, 22),
	(123, 978, 2.00, NULL, 34),
	(123, 979, 1.00, NULL, 35),
	(123, 31, 1.00, NULL, 35),
	(124, 83, 2.00, NULL, 39),
	(124, 91, 2.00, NULL, 39),
	(124, 980, 80.00, NULL, 22),
	(124, 981, 30.00, NULL, 22),
	(124, 982, 40.00, NULL, 22),
	(124, 86, 10.00, NULL, 25),
	(124, 225, 1.00, NULL, 35),
	(124, 976, 1.00, NULL, 35),
	(124, 6, 1.00, NULL, 37),
	(125, 35, 100.00, NULL, 22),
	(125, 37, 4.00, NULL, 39),
	(125, 36, 100.00, NULL, 22),
	(125, 225, 1.00, NULL, 35),
	(125, 983, 250.00, NULL, 22),
	(125, 42, 200.00, NULL, 25),
	(125, 935, 50.00, NULL, 22),
	(125, 984, 2.00, NULL, 34),
	(125, 985, 10.00, NULL, 22),
	(125, 986, 30.00, NULL, 22),
	(125, 6, 1.00, NULL, 37),
	(126, 987, 120.00, NULL, 22),
	(126, 643, 80.00, NULL, 22),
	(126, 961, 1.00, NULL, 39),
	(126, 35, 100.00, NULL, 22),
	(126, 988, 50.00, NULL, 22),
	(126, 989, 40.00, NULL, 22),
	(126, 225, 0.50, NULL, 35),
	(126, 6, 1.00, NULL, 37),
	(127, 89, 2.00, NULL, 39),
	(127, 91, 1.00, NULL, 39),
	(127, 807, 50.00, NULL, 25),
	(127, 108, 1.00, NULL, 35),
	(127, 85, 1.00, NULL, 37),
	(127, 38, 1.00, NULL, 35),
	(127, 975, 2.00, NULL, 34),
	(127, 93, 50.00, NULL, 22),
	(128, 106, 200.00, NULL, 22),
	(128, 990, 50.00, NULL, 22),
	(128, 982, 50.00, NULL, 22),
	(128, 991, 30.00, NULL, 22),
	(128, 281, 20.00, NULL, 22),
	(128, 992, 30.00, NULL, 22),
	(128, 108, 3.00, NULL, 34),
	(128, 86, 2.00, NULL, 34),
	(128, 85, 0.50, NULL, 35),
	(128, 6, 1.00, NULL, 37),
	(128, 919, 0.50, NULL, 35),
	(129, 35, 200.00, NULL, 22),
	(129, 38, 80.00, NULL, 22),
	(129, 91, 1.00, NULL, 39),
	(129, 993, 50.00, NULL, 25),
	(129, 6, 1.00, NULL, 37),
	(129, 160, 2.00, NULL, 39),
	(129, 85, 1.00, NULL, 35),
	(129, 36, 10.00, NULL, 22),
	(129, 47, 1.00, NULL, 35),
	(130, 35, 150.00, NULL, 22),
	(130, 36, 100.00, NULL, 22),
	(130, 37, 3.00, NULL, 39),
	(130, 38, 100.00, NULL, 22),
	(130, 994, 100.00, NULL, 22),
	(130, 976, 1.00, NULL, 35),
	(130, 6, 1.00, NULL, 37),
	(130, 995, 6.00, NULL, NULL),
	(130, 996, 50.00, NULL, 25),
	(130, 225, 1.00, NULL, 35),
	(130, 643, 1.00, NULL, 34),
	(131, 35, 150.00, NULL, 22),
	(131, 36, 1.00, NULL, 34),
	(131, 6, 1.00, NULL, 37),
	(131, 976, 1.00, NULL, 35),
	(131, 91, 1.00, NULL, 39),
	(131, 933, 200.00, NULL, 25),
	(131, 38, 40.00, NULL, 22),
	(131, 225, 1.00, NULL, 35),
	(131, 108, 1.00, NULL, 34),
	(132, 35, 100.00, NULL, 22),
	(132, 976, 1.00, NULL, 35),
	(132, 91, 1.00, NULL, 39),
	(132, 933, 100.00, NULL, 25),
	(132, 361, 30.00, NULL, 25),
	(132, 997, 50.00, NULL, 22),
	(132, 998, 3.00, NULL, NULL),
	(132, 108, 1.00, NULL, 34),
	(132, 6, 1.00, NULL, 37),
	(132, 48, 1.00, NULL, 37),
	(133, 37, 2.00, NULL, 39),
	(133, 36, 60.00, NULL, 22),
	(133, 35, 60.00, NULL, 22),
	(133, 6, 1.00, NULL, 37),
	(133, 225, 0.50, NULL, 35),
	(133, 935, 1.00, NULL, 34),
	(133, 933, 500.00, NULL, 25),
	(133, 41, 100.00, NULL, 22),
	(133, 204, 1.00, NULL, NULL),
	(133, 431, 1.00, NULL, 37),
	(133, 999, 1.00, NULL, 37),
	(133, 985, 1.00, NULL, 34),
	(134, 35, 200.00, NULL, 22),
	(134, 991, 50.00, NULL, 22),
	(134, 933, 100.00, NULL, 25),
	(134, 91, 1.00, NULL, 39),
	(134, 38, 40.00, NULL, 22),
	(134, 36, 50.00, NULL, 22),
	(134, 108, 20.00, NULL, 22),
	(134, 976, 1.00, NULL, 35),
	(134, 6, 1.00, NULL, 37),
	(135, 35, 100.00, NULL, 22),
	(135, 37, 2.00, NULL, 39),
	(135, 933, 250.00, NULL, 25),
	(135, 36, 1.00, NULL, 34),
	(135, 6, 1.00, NULL, 37),
	(135, 38, 2.00, NULL, 34),
	(135, 977, 100.00, NULL, 22),
	(135, 1000, 50.00, NULL, 22),
	(135, 1001, 2.00, NULL, 34),
	(135, 979, 1.00, NULL, 35),
	(136, 35, 250.00, NULL, 22),
	(136, 820, 150.00, NULL, 22),
	(136, 91, 1.00, NULL, 39),
	(136, 46, 55.00, NULL, 25),
	(136, 144, 75.00, NULL, 22),
	(136, 38, 75.00, NULL, 22),
	(136, 6, 8.00, NULL, 22),
	(136, 1002, 12.00, NULL, 22),
	(136, 100, 2.00, NULL, 39),
	(136, 78, 1.00, NULL, 39),
	(136, 387, 1.00, NULL, 39),
	(136, 5, 2.00, NULL, 42),
	(136, 1003, 200.00, NULL, 22),
	(136, 1004, 2.00, NULL, 39),
	(136, 1005, 1.00, NULL, 35),
	(136, 48, 1.00, NULL, 37),
	(137, 35, 100.00, NULL, 22),
	(137, 1006, 30.00, NULL, 22),
	(137, 91, 1.00, NULL, 39),
	(137, 933, 50.00, NULL, 25),
	(137, 38, 30.00, NULL, 22),
	(137, 1007, 30.00, NULL, 22),
	(137, 1008, 1.00, NULL, 35),
	(137, 6, 1.00, NULL, 37),
	(137, 48, 1.00, NULL, 37),
	(138, 35, 250.00, NULL, 22),
	(138, 91, 2.00, NULL, 39),
	(138, 6, 1.00, NULL, 37),
	(138, 144, 100.00, NULL, 25),
	(138, 1009, 30.00, NULL, 25),
	(138, 160, 4.00, NULL, 39),
	(138, 36, 80.00, NULL, 22),
	(138, 85, 1.00, NULL, 35),
	(138, 1010, 60.00, NULL, 22),
	(138, 1011, 50.00, NULL, 22),
	(138, 38, 50.00, NULL, 22),
	(138, 982, 30.00, NULL, 22),
	(138, 935, 1.00, NULL, 34),
	(139, 1012, 200.00, NULL, 22),
	(139, 287, 1.00, NULL, 39),
	(139, 502, 1.00, NULL, 39),
	(139, 46, 30.00, NULL, 25),
	(139, 1013, 1.00, NULL, 35),
	(139, 482, 0.50, NULL, 39),
	(139, 80, 0.25, NULL, 39),
	(139, 6, 1.00, NULL, 37),
	(139, 48, 1.00, NULL, 37),
	(139, 1014, 1.00, NULL, 34),
	(140, 79, 1.00, NULL, 39),
	(140, 30, 40.00, NULL, 22),
	(140, 1015, 20.00, NULL, 22),
	(140, 46, 1.00, NULL, 34),
	(140, 47, 1.00, NULL, 35),
	(140, 234, 1.00, NULL, 37),
	(140, 599, 1.00, NULL, 37),
	(140, 619, 1.00, NULL, 37),
	(140, 6, 1.00, NULL, 37),
	(140, 130, 1.00, NULL, 37),
	(141, 673, 100.00, NULL, 22),
	(141, 1016, 80.00, NULL, 22),
	(141, 30, 40.00, NULL, 22),
	(141, 389, 40.00, NULL, 22),
	(141, 80, 30.00, NULL, 22),
	(141, 78, 30.00, NULL, 22),
	(141, 77, 30.00, NULL, 22),
	(141, 5, 1.00, NULL, 42),
	(141, 46, 10.00, NULL, 25),
	(141, 6, 1.00, NULL, 37),
	(141, 48, 1.00, NULL, 37),
	(141, 271, 1.00, NULL, 37),
	(142, 1017, 4.00, NULL, 39),
	(142, 1003, 120.00, NULL, 22),
	(142, 1000, 100.00, NULL, 22),
	(142, 37, 2.00, NULL, 39),
	(142, 972, 10.00, NULL, 22),
	(142, 48, 1.00, NULL, 37),
	(143, 123, 400.00, NULL, 25),
	(143, 914, 400.00, NULL, 25),
	(143, 1018, 300.00, NULL, 22),
	(143, 475, 150.00, NULL, 22),
	(143, 1019, 2.00, NULL, NULL),
	(143, 1020, 3.00, NULL, NULL),
	(143, 965, 3.00, NULL, 39),
	(143, 1021, 2.00, NULL, 39),
	(143, 720, 2.00, NULL, 34),
	(143, 1022, 1.00, NULL, 35),
	(143, 433, 1.00, NULL, 39),
	(143, 723, 1.00, NULL, NULL),
	(144, 260, 200.00, NULL, 22),
	(144, 342, 100.00, NULL, 22),
	(144, 1023, 30.00, NULL, 22),
	(144, 5, 1.00, NULL, 42),
	(144, 46, 30.00, NULL, 25),
	(144, 47, 1.00, NULL, 34),
	(144, 165, 1.00, NULL, 35),
	(144, 6, 1.00, NULL, 37),
	(144, 271, 1.00, NULL, 37),
	(145, 78, 2.00, NULL, 39),
	(145, 1024, 100.00, NULL, 22),
	(145, 111, 60.00, NULL, 22),
	(145, 30, 50.00, NULL, 22),
	(145, 1025, 20.00, NULL, 22),
	(145, 629, 20.00, NULL, 22),
	(145, 46, 10.00, NULL, 25),
	(145, 6, 1.00, NULL, 37),
	(145, 48, 1.00, NULL, 37),
	(146, 1026, 300.00, NULL, 22),
	(146, 889, 150.00, NULL, 22),
	(146, 1027, 40.00, NULL, 22),
	(146, 1028, 20.00, NULL, 22),
	(146, 1025, 15.00, NULL, 22),
	(146, 46, 15.00, NULL, 25),
	(146, 1029, 1.00, NULL, 35),
	(146, 6, 1.00, NULL, 37),
	(146, 48, 1.00, NULL, 37),
	(146, 444, 1.00, NULL, 37),
	(147, 164, 100.00, NULL, 22),
	(147, 99, 1.00, NULL, 39),
	(147, 78, 1.00, NULL, 39),
	(147, 1030, 50.00, NULL, 22),
	(147, 80, 30.00, NULL, 22),
	(147, 168, 15.00, NULL, 25),
	(147, 1031, 1.00, NULL, 34),
	(147, 554, 1.00, NULL, 34),
	(147, 643, 1.00, NULL, 34),
	(147, 5, 1.00, NULL, 42),
	(147, 376, 1.00, NULL, 35),
	(147, 144, 50.00, NULL, 25),
	(148, 1032, 1.00, NULL, 39),
	(148, 1033, 100.00, NULL, 22),
	(148, 1034, 50.00, NULL, 22),
	(148, 662, 30.00, NULL, 22),
	(148, 91, 1.00, NULL, 39),
	(148, 5, 1.00, NULL, 42),
	(148, 1035, 4.00, NULL, NULL),
	(148, 47, 10.00, NULL, 25),
	(148, 887, 10.00, NULL, 22),
	(148, 46, 50.00, NULL, 25),
	(148, 6, 1.00, NULL, 37),
	(148, 130, 1.00, NULL, 37),
	(149, 1036, 100.00, NULL, 22),
	(149, 35, 40.00, NULL, 22),
	(149, 38, 40.00, NULL, 22),
	(149, 933, 300.00, NULL, 25),
	(149, 431, 1.00, NULL, 37),
	(149, 6, 1.00, NULL, 37),
	(149, 313, 1.00, NULL, 37),
	(149, 91, 1.00, NULL, 39),
	(149, 1011, 50.00, NULL, 22),
	(150, 1034, 250.00, NULL, 22),
	(150, 1037, 100.00, NULL, 22),
	(150, 289, 50.00, NULL, 22),
	(150, 1038, 100.00, NULL, 22),
	(150, 5, 3.00, NULL, 42),
	(150, 46, 60.00, NULL, 25),
	(150, 6, 1.00, NULL, 37),
	(150, 144, NULL, NULL, NULL),
	(151, 44, 2.00, NULL, 39),
	(151, 310, 250.00, NULL, 25),
	(151, 1039, 100.00, NULL, 25),
	(151, 1040, 30.00, NULL, 25),
	(151, 433, 20.00, NULL, 25),
	(151, 723, 3.00, NULL, 34),
	(151, 6, 1.00, NULL, 37),
	(151, 130, 1.00, NULL, 37),
	(151, 46, 1.00, NULL, 35),
	(151, 1041, 50.00, NULL, 22),
	(151, 80, 30.00, NULL, 22),
	(151, 1042, 100.00, NULL, 22),
	(151, 1043, 20.00, NULL, 22),
	(152, 1044, 1.00, NULL, 39),
	(152, 325, 2.00, NULL, 39),
	(152, 1045, 100.00, NULL, 22),
	(152, 91, 1.00, NULL, 39),
	(152, 31, 10.00, NULL, 25),
	(152, 1046, 20.00, NULL, 25),
	(152, 6, 1.00, NULL, 37),
	(152, 48, 1.00, NULL, 37),
	(153, 1047, 150.00, NULL, 22),
	(153, 886, 200.00, NULL, 22),
	(153, 888, 700.00, NULL, 25),
	(153, 1048, 1.00, NULL, 39),
	(153, 5, 1.00, NULL, 42),
	(153, 758, 100.00, NULL, 25),
	(153, 46, 30.00, NULL, 25),
	(153, 38, 1.00, NULL, 35),
	(153, 6, 1.00, NULL, 37),
	(153, 7, 1.00, NULL, 37),
	(153, 1049, 4.00, NULL, 39),
	(153, 36, 20.00, NULL, 22),
	(153, 144, 20.00, NULL, 25),
	(154, 1050, 400.00, NULL, 22),
	(154, 78, 1.00, NULL, 39),
	(154, 77, 1.00, NULL, 39),
	(154, 80, 1.00, NULL, 39),
	(154, 1051, 1.00, NULL, 34),
	(154, 46, 10.00, NULL, 25),
	(154, 5, 1.00, NULL, 42),
	(154, 47, 5.00, NULL, 25),
	(154, 6, 1.00, NULL, 37),
	(154, 48, 1.00, NULL, 37),
	(155, 35, 200.00, NULL, 22),
	(155, 37, 2.00, NULL, 39),
	(155, 46, 2.00, NULL, 34),
	(155, 6, 2.00, NULL, 37),
	(155, 1052, 150.00, NULL, 22),
	(155, 1053, 20.00, NULL, 22),
	(155, 1054, 30.00, NULL, 22),
	(155, 313, 1.00, NULL, 37),
	(155, 1055, 20.00, NULL, 22),
	(155, 991, 20.00, NULL, 22),
	(155, 1056, 100.00, NULL, 25),
	(155, 5, 1.00, NULL, 42),
	(156, 1057, 150.00, NULL, 22),
	(157, 1060, 400.00, NULL, 22),
	(157, 35, 50.00, NULL, 22),
	(157, 91, 1.00, NULL, 39),
	(157, 361, 50.00, NULL, 25),
	(157, 1046, 100.00, NULL, 25),
	(157, 887, 1.00, NULL, 35),
	(157, 1061, 15.00, NULL, 22),
	(157, 6, 1.00, NULL, 37),
	(157, 48, 1.00, NULL, 37),
	(158, 1062, 1.00, NULL, 39),
	(158, 1063, 1000.00, NULL, 22),
	(158, 1064, 500.00, NULL, 22),
	(158, 705, 4.00, NULL, NULL),
	(158, 46, 200.00, NULL, 25),
	(158, 5, 2.00, NULL, 42),
	(158, 1065, 1.00, NULL, 37),
	(158, 48, 1.00, NULL, 37),
	(159, 805, 400.00, NULL, 22),
	(159, 1046, 100.00, NULL, 25),
	(159, 811, 100.00, NULL, 22),
	(159, 312, 2.00, NULL, 39),
	(159, 361, 500.00, NULL, 25),
	(159, 38, 20.00, NULL, 22),
	(159, 45, 30.00, NULL, 22),
	(159, 6, 1.00, NULL, 37),
	(159, 48, 1.00, NULL, 37),
	(160, 1066, 200.00, NULL, 22),
	(160, 805, 250.00, NULL, 22),
	(160, 233, 80.00, NULL, 22),
	(160, 1067, 30.00, NULL, 22),
	(160, 982, 30.00, NULL, 22),
	(160, 46, 10.00, NULL, 25),
	(160, 234, 1.00, NULL, 37),
	(160, 6, 1.00, NULL, 37),
	(160, 48, 1.00, NULL, 37),
	(161, 598, 300.00, NULL, 22),
	(161, 1068, 60.00, NULL, 22),
	(161, 4, 100.00, NULL, 25),
	(161, 100, 1.00, NULL, 39),
	(161, 5, 2.00, NULL, 42),
	(161, 361, 15.00, NULL, 25),
	(161, 463, 1.00, NULL, 35),
	(161, 1069, 100.00, NULL, 25),
	(161, 6, 1.00, NULL, 37),
	(161, 48, 1.00, NULL, 37),
	(162, 1070, 300.00, NULL, 22),
	(162, 1071, 300.00, NULL, 22),
	(162, 100, 1.00, NULL, 39),
	(162, 5, 2.00, NULL, 42),
	(162, 1013, 1.00, NULL, 34),
	(162, 91, 2.00, NULL, 39),
	(162, 1072, 100.00, NULL, 25),
	(162, 1023, 60.00, NULL, 22),
	(162, 46, 2.00, NULL, 34),
	(162, 6, 2.00, NULL, 37),
	(162, 130, 2.00, NULL, 37),
	(162, 599, 1.00, NULL, 37),
	(162, 1073, 4.00, NULL, NULL),
	(162, 442, 200.00, NULL, 22),
	(162, 522, 30.00, NULL, 22),
	(162, 389, 50.00, NULL, 22),
	(162, 1074, 10.00, NULL, 22),
	(162, 108, 1.00, NULL, 35),
	(162, 375, 1.00, NULL, 34),
	(162, 318, 1.00, NULL, 35),
	(163, 1075, 1.00, NULL, 39),
	(163, 325, 2.00, NULL, 39),
	(163, 475, 200.00, NULL, 22),
	(163, 37, 3.00, NULL, 39),
	(163, 1072, 200.00, NULL, 25),
	(163, 1076, 100.00, NULL, 22),
	(163, 46, 10.00, NULL, 25),
	(163, 431, 1.00, NULL, 37),
	(163, 6, 1.00, NULL, 37),
	(163, 48, 1.00, NULL, 37),
	(164, 1077, 2.00, NULL, 39),
	(164, 100, 1.00, NULL, 39),
	(164, 5, 2.00, NULL, 42),
	(164, 46, 100.00, NULL, 25),
	(164, 1078, 150.00, NULL, 25),
	(164, 1079, 1.00, NULL, NULL),
	(164, 1059, 1.00, NULL, NULL),
	(164, 1080, 4.00, NULL, NULL),
	(164, 1005, 1.00, NULL, 35),
	(164, 6, 1.00, NULL, 37),
	(164, 130, 1.00, NULL, 37),
	(164, 1081, 300.00, NULL, 25),
	(165, 1082, 12.00, NULL, 39),
	(165, 1083, 800.00, NULL, 22),
	(165, 99, 1.00, NULL, 39),
	(165, 325, 1.00, NULL, 39),
	(165, 100, 1.00, NULL, 39),
	(165, 5, 2.00, NULL, 42),
	(165, 1079, 1.00, NULL, NULL),
	(165, 1078, 200.00, NULL, 25),
	(165, 1084, 400.00, NULL, 25),
	(165, 31, 30.00, NULL, 25),
	(165, 38, 30.00, NULL, 22),
	(165, 35, 30.00, NULL, 22),
	(165, 933, 300.00, NULL, 25),
	(165, 431, 1.00, NULL, 37),
	(165, 6, 1.00, NULL, 37),
	(165, 48, 1.00, NULL, 37),
	(165, 1085, 50.00, NULL, 22),
	(166, 1086, 2.00, NULL, 39),
	(166, 720, 2.00, NULL, 34),
	(166, 643, 1.00, NULL, 34),
	(166, 1087, 2.00, NULL, 42),
	(166, 1088, 1.00, NULL, 34),
	(166, 168, 1.00, NULL, 34),
	(166, 130, 1.00, NULL, 35),
	(166, 108, 1.00, NULL, 34),
	(166, 1089, 100.00, NULL, 22),
	(166, 723, 5.00, NULL, 22),
	(166, 1090, 5.00, NULL, 22),
	(167, 35, 250.00, NULL, 22),
	(167, 1091, 5.00, NULL, 22),
	(167, 36, 5.00, NULL, 22),
	(167, 6, 2.00, NULL, 22),
	(167, 144, 125.00, NULL, 25),
	(167, 361, 10.00, NULL, 25),
	(167, 1092, 500.00, NULL, 22),
	(167, 100, 1.00, NULL, 39),
	(167, 5, 2.00, NULL, 42),
	(167, 1078, 100.00, NULL, 25),
	(167, 1079, 1.00, NULL, NULL),
	(167, 1093, 1.00, NULL, NULL),
	(167, 1084, 250.00, NULL, 25),
	(167, 46, 15.00, NULL, 25),
	(167, 1031, 2.00, NULL, 34),
	(167, 1094, 1.00, NULL, 34),
	(167, 554, 1.00, NULL, 35),
	(167, 108, 1.00, NULL, 34),
	(167, 567, 1.00, NULL, 35),
	(167, 1095, 1.00, NULL, 35),
	(167, 168, 1.00, NULL, 35),
	(167, 770, 100.00, NULL, 22),
	(167, 1096, 100.00, NULL, 22),
	(167, 1097, 100.00, NULL, 22),
	(168, 1098, 1200.00, NULL, 22),
	(168, 567, 2.00, NULL, 35),
	(168, 1099, 1.00, NULL, 35),
	(168, 1100, 1.50, NULL, 35),
	(168, 48, 1.00, NULL, 35),
	(168, 6, 1.00, NULL, 35),
	(168, 887, 2.00, NULL, 34),
	(168, 643, 4.00, NULL, 34),
	(168, 1101, 150.00, NULL, 25),
	(168, 1102, 50.00, NULL, 25),
	(168, 1103, 2.00, NULL, 34),
	(168, 318, 3.00, NULL, 34),
	(168, 1104, 2.00, NULL, 39),
	(168, 1105, 100.00, NULL, 22),
	(168, 855, 100.00, NULL, 22),
	(168, 1106, 50.00, NULL, 25),
	(169, 1107, 15.00, NULL, 22),
	(169, 1108, 25.00, NULL, 22),
	(169, 1109, 300.00, NULL, 22),
	(169, 1110, 20.00, NULL, 22),
	(169, 46, 110.00, NULL, 25),
	(169, 47, 5.00, NULL, 25),
	(169, 6, 1.00, NULL, 22),
	(169, 944, 2.00, NULL, 22),
	(169, 1111, 100.00, NULL, 22),
	(169, 38, 50.00, NULL, 22),
	(169, 91, 2.00, NULL, 39),
	(169, 643, 60.00, NULL, 22),
	(169, 35, 40.00, NULL, 22),
	(170, 37, 3.00, NULL, 39),
	(170, 36, 80.00, NULL, 22),
	(170, 922, 100.00, NULL, 25),
	(170, 1112, 30.00, NULL, 22),
	(170, 376, 20.00, NULL, 22),
	(170, 1008, 1.00, NULL, 22),
	(170, 1113, 100.00, NULL, 22),
	(170, 1114, 5.00, NULL, 22),
	(170, 1065, 1.00, NULL, 37),
	(170, 924, 1.00, NULL, 35),
	(170, 361, 1.00, NULL, 35),
	(171, 1115, 150.00, NULL, 22),
	(171, 42, 100.00, NULL, 25),
	(171, 91, 1.00, NULL, 39),
	(171, 36, 30.00, NULL, 22),
	(171, 152, 50.00, NULL, 22),
	(171, 1116, 3.00, NULL, 22),
	(171, 1117, 20.00, NULL, 22),
	(171, 47, 5.00, NULL, 25),
	(171, 6, 1.00, NULL, 37),
	(171, 311, 1.00, NULL, NULL),
	(172, 1118, 100.00, NULL, 22),
	(172, 643, 80.00, NULL, 22),
	(172, 37, 2.00, NULL, 39),
	(172, 1119, 60.00, NULL, 25),
	(172, 1120, 20.00, NULL, 22),
	(172, 976, 0.50, NULL, 35),
	(172, 6, 1.00, NULL, 37),
	(172, 1121, 100.00, NULL, 25),
	(172, 944, 2.00, NULL, 22),
	(172, 1122, 80.00, NULL, 22),
	(172, 1123, 1.00, NULL, 35),
	(172, 1049, 1.00, NULL, 35),
	(173, 1124, 150.00, NULL, 22),
	(173, 1125, 45.00, NULL, 25),
	(173, 1065, 1.00, NULL, 37),
	(173, 1126, 1.00, NULL, 39),
	(173, 957, 80.00, NULL, 22),
	(173, 108, 20.00, NULL, 22),
	(173, 1127, 100.00, NULL, 25),
	(173, 1128, 550.00, NULL, 25),
	(173, 1129, 2.00, NULL, 22),
	(173, 1130, 2.00, NULL, 22),
	(174, 1131, 150.00, NULL, 22),
	(174, 991, 100.00, NULL, 22),
	(174, 643, 60.00, NULL, 22),
	(174, 204, 1.00, NULL, 35),
	(174, 38, 100.00, NULL, 22),
	(174, 1132, 50.00, NULL, 25),
	(174, 108, 100.00, NULL, 25),
	(174, 144, 30.00, NULL, 25),
	(175, 35, 120.00, NULL, 22),
	(175, 1133, 100.00, NULL, 22),
	(175, 37, 3.00, NULL, 39),
	(175, 36, 100.00, NULL, 22),
	(175, 927, 80.00, NULL, 25),
	(175, 1008, 1.00, NULL, 35),
	(175, 6, 1.00, NULL, 37),
	(175, 1134, 1.00, NULL, 34),
	(175, 935, 100.00, NULL, 22),
	(175, 1135, 1.00, NULL, 34),
	(176, 35, 500.00, NULL, 22),
	(176, 36, 150.00, NULL, 22),
	(176, 37, 2.00, NULL, 39),
	(176, 1136, 25.00, NULL, 22),
	(176, 933, 200.00, NULL, 25),
	(176, 38, 100.00, NULL, 22),
	(176, 6, 1.00, NULL, 37),
	(176, 225, 1.00, NULL, 35),
	(176, 1137, 150.00, NULL, 22),
	(176, 39, 50.00, NULL, 22),
	(177, 1138, 6.00, NULL, NULL),
	(177, 1139, 6.00, NULL, 39),
	(177, 37, 2.00, NULL, 39),
	(177, 1009, 200.00, NULL, 25),
	(177, 1140, 2.00, NULL, 34),
	(177, 270, 20.00, NULL, 22),
	(177, 1133, 30.00, NULL, 22),
	(177, 85, 1.00, NULL, 35),
	(178, 35, 200.00, NULL, 22),
	(178, 38, 100.00, NULL, 22),
	(178, 935, 50.00, NULL, 22),
	(178, 91, 1.00, NULL, 39),
	(178, 961, 2.00, NULL, 39),
	(178, 47, 100.00, NULL, 25),
	(178, 36, 150.00, NULL, 22),
	(178, 376, 20.00, NULL, 22),
	(178, 144, 100.00, NULL, 25),
	(178, 1141, 2.00, NULL, 39),
	(178, 1142, 2.00, NULL, 34),
	(179, 1143, 300.00, NULL, 22),
	(179, 1144, 1.00, NULL, 35),
	(179, 1145, 1.00, NULL, 35),
	(179, 1146, 300.00, NULL, 22),
	(179, 1056, 200.00, NULL, 25),
	(179, 36, 100.00, NULL, 22),
	(179, 1147, 7.00, NULL, 22),
	(179, 1148, 400.00, NULL, 25),
	(179, 1149, 6.00, NULL, 22),
	(179, 144, 120.00, NULL, 25),
	(179, 1150, 225.00, NULL, 22),
	(179, 1151, 50.00, NULL, 22),
	(180, 35, 200.00, NULL, 22),
	(180, 1152, 1.00, NULL, 35),
	(180, 204, 0.50, NULL, 35),
	(180, 645, 0.50, NULL, 35),
	(180, 37, 2.00, NULL, 39),
	(180, 933, 250.00, NULL, 25),
	(180, 1153, 100.00, NULL, 22),
	(180, 643, 60.00, NULL, 22),
	(180, 38, 50.00, NULL, 22),
	(180, 1154, 150.00, NULL, 22),
	(180, 42, 100.00, NULL, 25),
	(180, 923, 1.00, NULL, NULL),
	(181, 35, 200.00, NULL, 22),
	(181, 987, 100.00, NULL, 22),
	(181, 91, 1.00, NULL, 39),
	(181, 36, 2.00, NULL, 34),
	(181, 1155, 2.00, NULL, 34),
	(181, 83, 2.00, NULL, 39),
	(181, 40, 150.00, NULL, 22),
	(181, 1094, 80.00, NULL, 22),
	(181, 41, 100.00, NULL, 22),
	(181, 42, 80.00, NULL, 25),
	(181, 1156, 1.00, NULL, 37),
	(182, 35, 200.00, NULL, 22),
	(182, 38, 120.00, NULL, 22),
	(182, 1157, 80.00, NULL, 22),
	(182, 91, 1.00, NULL, 39),
	(182, 6, 1.00, NULL, 37),
	(182, 1158, 300.00, NULL, 22),
	(182, 1159, 30.00, NULL, 25),
	(182, 643, 20.00, NULL, 22),
	(182, 376, 1.00, NULL, 35),
	(183, 144, 300.00, NULL, 25),
	(183, 1160, 8.00, NULL, 22),
	(183, 1161, 3.00, NULL, 22),
	(183, 36, 40.00, NULL, 22),
	(183, 944, 4.00, NULL, 22),
	(183, 1162, 6.00, NULL, 39),
	(183, 983, 125.00, NULL, 22),
	(183, 42, 100.00, NULL, 25),
	(183, 1163, 20.00, NULL, 22),
	(183, 919, 0.50, NULL, 35),
	(184, 1164, 250.00, NULL, 22),
	(184, 1165, 100.00, NULL, 22),
	(184, 99, 1.00, NULL, 39),
	(184, 77, 1.00, NULL, 39),
	(184, 78, 1.00, NULL, 39),
	(184, 1166, 2.00, NULL, 34),
	(184, 1167, 1.00, NULL, 34),
	(184, 299, 1.00, NULL, 35),
	(184, 5, 1.00, NULL, 42),
	(184, 168, 1.00, NULL, 34),
	(184, 48, 1.00, NULL, 37),
	(185, 1168, 200.00, NULL, 22),
	(185, 5, 3.00, NULL, 42),
	(185, 1169, 2.00, NULL, 35),
	(185, 1170, 1.00, NULL, 34),
	(185, 1171, 1.00, NULL, 34),
	(185, 1031, 2.00, NULL, 34),
	(185, 502, 1.00, NULL, 39),
	(185, 168, 1.00, NULL, 34),
	(185, 1055, 20.00, NULL, 22),
	(185, 723, 1.00, NULL, NULL),
	(185, 6, 1.00, NULL, 37),
	(186, 1172, 200.00, NULL, 22),
	(186, 35, 100.00, NULL, 22),
	(186, 91, 1.00, NULL, 39),
	(186, 1173, 100.00, NULL, 25),
	(186, 1008, 0.50, NULL, 35),
	(186, 5, 1.00, NULL, 42),
	(186, 444, 1.00, NULL, 34),
	(186, 927, 250.00, NULL, 25),
	(186, 1174, 6.00, NULL, 39),
	(186, 1106, 2.00, NULL, 34),
	(186, 1175, 1.00, NULL, 35),
	(186, 1176, 1.00, NULL, 34),
	(186, 268, 2.00, NULL, NULL),
	(186, 6, 1.00, NULL, 37),
	(187, 442, 400.00, NULL, 22),
	(187, 99, 1.00, NULL, 39),
	(187, 312, 1.00, NULL, 39),
	(187, 100, 1.00, NULL, 39),
	(187, 46, 20.00, NULL, 25),
	(187, 310, 300.00, NULL, 25),
	(187, 1177, 100.00, NULL, 25),
	(187, 47, 1.00, NULL, 34),
	(187, 2, 30.00, NULL, 22),
	(187, 6, 1.00, NULL, 37),
	(187, 48, 1.00, NULL, 37),
	(188, 3, 150.00, NULL, 22),
	(188, 0, 150.00, NULL, 22),
	(188, 108, 1.00, NULL, 34),
	(188, 887, 1.00, NULL, 34),
	(188, 1031, 1.00, NULL, 34),
	(188, 142, 300.00, NULL, 22),
	(188, 933, 30.00, NULL, 25),
	(188, 38, 20.00, NULL, 22),
	(188, 6, 1.00, NULL, 37),
	(188, 48, 1.00, NULL, 37),
	(188, 31, 1.00, NULL, 35),
	(189, 1018, 2.00, NULL, 39),
	(189, 35, 6.00, NULL, 34),
	(189, 1009, 6.00, NULL, 34),
	(189, 80, 0.50, NULL, 39),
	(189, 78, 0.50, NULL, 39),
	(189, 5, 2.00, NULL, 42),
	(189, 1178, 1.00, NULL, 34),
	(189, 1002, 150.00, NULL, 25),
	(189, 1179, 120.00, NULL, 22),
	(189, 912, 200.00, NULL, 22),
	(189, 1180, 200.00, NULL, 22),
	(189, 6, 1.00, NULL, 37),
	(189, 7, 1.00, NULL, 37),
	(190, 99, 1.00, NULL, 39),
	(190, 77, 1.00, NULL, 39),
	(190, 79, 0.50, NULL, 39),
	(190, 35, 100.00, NULL, 22),
	(190, 1173, 150.00, NULL, 25),
	(190, 91, 1.00, NULL, 39),
	(190, 6, 1.00, NULL, 37),
	(190, 1009, 500.00, NULL, 25),
	(190, 1025, 30.00, NULL, 22),
	(190, 811, 50.00, NULL, 22),
	(190, 1072, 50.00, NULL, 25),
	(190, 48, 1.00, NULL, 37),
	(191, 1181, 2.00, NULL, 39),
	(191, 1182, 40.00, NULL, 22),
	(191, 5, 2.00, NULL, 42),
	(191, 758, 100.00, NULL, 25),
	(191, 46, 10.00, NULL, 25),
	(191, 6, 1.00, NULL, 37),
	(191, 48, 1.00, NULL, 37),
	(191, 444, 1.00, NULL, NULL),
	(192, 704, 1.00, NULL, 39),
	(192, 135, 500.00, NULL, 25),
	(192, 1183, 1.00, NULL, 39),
	(192, 1112, 30.00, NULL, 22),
	(192, 38, 30.00, NULL, 22),
	(192, 431, 1.00, NULL, 37),
	(192, 6, 1.00, NULL, 37),
	(192, 313, 1.00, NULL, 37),
	(192, 45, 20.00, NULL, 22),
	(192, 997, 40.00, NULL, 22),
	(193, 1184, 100.00, NULL, 22),
	(193, 91, 1.00, NULL, 39),
	(193, 1011, 50.00, NULL, 22),
	(193, 5, 1.00, NULL, 42),
	(193, 1005, 1.00, NULL, 35),
	(193, 271, 1.00, NULL, 35),
	(193, 6, 1.00, NULL, 37),
	(193, 7, 1.00, NULL, 37),
	(193, 31, 20.00, NULL, 25),
	(193, 1185, 25.00, NULL, 22),
	(193, 522, 15.00, NULL, 22),
	(193, 523, 15.00, NULL, 22),
	(193, 524, 10.00, NULL, 22),
	(193, 318, 5.00, NULL, 25),
	(193, 46, 10.00, NULL, 25),
	(193, 38, 1.00, NULL, 35),
	(193, 100, 1.00, NULL, 34),
	(193, 643, 1.00, NULL, 34),
	(193, 1102, 50.00, NULL, 25),
	(193, 1101, 2.00, NULL, 34),
	(193, 887, 1.00, NULL, 35),
	(193, 1103, 1.00, NULL, 35),
	(194, 35, 100.00, NULL, 22),
	(194, 99, 1.00, NULL, 39),
	(194, 118, 10.00, NULL, 22),
	(194, 91, 1.00, NULL, 39),
	(194, 933, 150.00, NULL, 25),
	(194, 976, 1.00, NULL, 35),
	(194, 1186, 1.00, NULL, 35),
	(194, 643, 1.00, NULL, 34),
	(194, 6, 1.00, NULL, 37),
	(194, 38, 10.00, NULL, 22),
	(194, 1187, 20.00, NULL, 22),
	(194, 1188, 1.00, NULL, 39),
	(195, 1189, 6.00, NULL, 39),
	(195, 312, 300.00, NULL, 22),
	(195, 1190, 80.00, NULL, 22),
	(195, 100, 1.00, NULL, 39),
	(195, 5, 2.00, NULL, 42),
	(195, 46, 3.00, NULL, 34),
	(195, 35, 1.00, NULL, 34),
	(195, 1069, 250.00, NULL, 25),
	(195, 6, 1.00, NULL, 37),
	(195, 48, 1.00, NULL, 37),
	(195, 444, 1.00, NULL, 34),
	(196, 913, 250.00, NULL, 22),
	(196, 123, 200.00, NULL, 25),
	(196, 1191, 1.00, NULL, 34),
	(196, 86, 1.00, NULL, 35),
	(196, 5, 1.00, NULL, 42),
	(196, 80, 0.50, NULL, 39),
	(196, 299, 10.00, NULL, 22),
	(196, 77, 0.50, NULL, 39),
	(196, 78, 0.50, NULL, 39),
	(196, 720, 1.00, NULL, 35),
	(196, 643, 1.00, NULL, 35),
	(196, 1192, 100.00, NULL, 22),
	(196, 144, 200.00, NULL, 25),
	(196, 723, 1.00, NULL, NULL),
	(196, 433, 1.00, NULL, 35),
	(197, 43, 100.00, NULL, 22),
	(197, 91, 1.00, NULL, 39),
	(197, 662, 40.00, NULL, 22),
	(197, 1193, 60.00, NULL, 22),
	(197, 1194, 60.00, NULL, 22),
	(197, 1195, 100.00, NULL, 22),
	(197, 27, 30.00, NULL, 22),
	(197, 234, 1.00, NULL, 35),
	(197, 31, 1.00, NULL, 34),
	(197, 6, 1.00, NULL, 37),
	(198, 784, 200.00, NULL, 22),
	(198, 100, 1.00, NULL, 39),
	(198, 262, 1.00, NULL, 39),
	(198, 5, 2.00, NULL, 42),
	(198, 167, 2.00, NULL, NULL),
	(198, 1196, 2.00, NULL, 34),
	(198, 36, 1.00, NULL, 35),
	(198, 145, 0.50, NULL, 35),
	(198, 1197, 1.00, NULL, 35),
	(198, 6, 1.00, NULL, 37),
	(198, 144, 500.00, NULL, 25),
	(198, 1198, 150.00, NULL, 22),
	(199, 644, 0.50, NULL, 39),
	(199, 324, 0.50, NULL, 39),
	(199, 433, 1.00, NULL, 35),
	(199, 569, 1.00, NULL, 35),
	(199, 462, 0.25, NULL, 35),
	(199, 86, 1.00, NULL, 35),
	(199, 144, 2.00, NULL, 34),
	(199, 154, 1.00, NULL, 35),
	(200, 644, 200.00, NULL, 22),
	(200, 123, 100.00, NULL, 25),
	(200, 1116, 1.00, NULL, 35),
	(200, 1199, 1.00, NULL, 34),
	(200, 433, 1.00, NULL, 35),
	(200, 154, 1.00, NULL, 35),
	(201, 144, 60.00, NULL, 25),
	(201, 1200, 25.00, NULL, 22),
	(201, 6, 1.00, NULL, 37),
	(201, 1112, 30.00, NULL, 22),
	(201, 820, 10.00, NULL, 22),
	(201, 91, 1.00, NULL, 39),
	(201, 1201, 100.00, NULL, 22),
	(201, 1202, 75.00, NULL, 25),
	(201, 944, 1.00, NULL, 22),
	(201, 154, 1.00, NULL, 34),
	(202, 1006, 200.00, NULL, 22),
	(202, 1203, 100.00, NULL, 22),
	(202, 37, 4.00, NULL, 39),
	(202, 252, 120.00, NULL, 22),
	(202, 136, 10.00, NULL, 22),
	(202, 6, 1.00, NULL, 37),
	(202, 927, 80.00, NULL, 25),
	(202, 1204, 150.00, NULL, 22),
	(202, 481, 80.00, NULL, 25),
	(202, 985, 1.00, NULL, 34),
	(202, 108, 1.00, NULL, 34),
	(202, 1205, 150.00, NULL, 22),
	(202, 86, 1.00, NULL, 34),
	(202, 124, 3.00, NULL, 39),
	(202, 125, 10.00, NULL, 39),
	(202, 153, 1.00, NULL, 39),
	(203, 1206, 2.00, NULL, 30),
	(203, 144, 200.00, NULL, 25),
	(203, 252, 150.00, NULL, 22),
	(203, 47, 1.00, NULL, 34),
	(203, 286, 200.00, NULL, 22),
	(203, 205, 80.00, NULL, 22),
	(203, 91, 1.00, NULL, 39),
	(203, 919, 1.00, NULL, 35),
	(203, 6, 1.00, NULL, 37),
	(203, 976, 0.50, NULL, 35),
	(204, 1207, 300.00, NULL, 22),
	(204, 1208, 200.00, NULL, 25),
	(204, 1136, 10.00, NULL, 22),
	(204, 154, 72.00, NULL, 22),
	(204, 91, 2.00, NULL, 39),
	(204, 1200, 30.00, NULL, 22),
	(204, 1209, 1.00, NULL, 35),
	(204, 253, 1.00, NULL, 35),
	(204, 1125, 50.00, NULL, 25),
	(204, 961, 1.00, NULL, 39),
	(204, 376, 1.00, NULL, 35),
	(204, 1210, 40.00, NULL, 22),
	(205, 1211, 400.00, NULL, 22),
	(205, 91, 3.00, NULL, 39),
	(205, 283, 200.00, NULL, 22),
	(205, 154, 40.00, NULL, 22),
	(205, 959, 10.00, NULL, 22),
	(205, 919, 1.00, NULL, 35),
	(205, 6, 1.00, NULL, 37),
	(205, 921, 50.00, NULL, 22),
	(205, 135, 50.00, NULL, 25),
	(205, 205, 1.00, NULL, 35),
	(206, 1212, 250.00, NULL, 25),
	(206, 1141, 2.00, NULL, 39),
	(206, 643, 1.00, NULL, 34),
	(206, 1213, 1.00, NULL, 35),
	(206, 376, 1.00, NULL, 35),
	(206, 1214, 150.00, NULL, 22),
	(206, 86, 1.00, NULL, 35),
	(207, 1215, 300.00, NULL, 22),
	(207, 1216, 100.00, NULL, 25),
	(207, 225, 3.00, NULL, 35),
	(207, 36, 50.00, NULL, 22),
	(207, 1112, 80.00, NULL, 22),
	(207, 1203, 20.00, NULL, 22),
	(207, 1217, 300.00, NULL, 25),
	(207, 1218, 1.00, NULL, 35),
	(207, 376, 2.00, NULL, 34),
	(207, 985, 1.00, NULL, 35),
	(208, 1219, 150.00, NULL, 22),
	(208, 6, 0.50, NULL, 35),
	(208, 1220, 85.00, NULL, 22),
	(208, 144, 60.00, NULL, 25),
	(208, 174, 2.00, NULL, 39),
	(208, 643, 40.00, NULL, 22),
	(208, 1202, 100.00, NULL, 25),
	(208, 926, 50.00, NULL, 25),
	(208, 225, 1.00, NULL, 35),
	(208, 204, 1.00, NULL, 37),
	(209, 91, 3.00, NULL, 39),
	(209, 135, 150.00, NULL, 25),
	(209, 225, 1.00, NULL, 34),
	(209, 1221, 60.00, NULL, 25),
	(209, 117, 100.00, NULL, 22),
	(209, 47, 1.00, NULL, 35),
	(209, 1222, 1.00, NULL, 35),
	(210, 142, 400.00, NULL, 22),
	(210, 1112, 100.00, NULL, 22),
	(210, 91, 1.00, NULL, 39),
	(210, 398, 200.00, NULL, 22),
	(210, 1223, 100.00, NULL, 22),
	(210, 1177, 100.00, NULL, 25),
	(210, 374, 50.00, NULL, 22),
	(210, 5, 1.00, NULL, 39),
	(210, 46, 1.00, NULL, 34),
	(210, 48, 1.00, NULL, 37),
	(210, 431, 1.00, NULL, 37),
	(210, 6, 1.00, NULL, 37),
	(211, 1112, 200.00, NULL, 22),
	(211, 1224, 50.00, NULL, 22),
	(211, 91, 1.00, NULL, 39),
	(211, 1220, 80.00, NULL, 22),
	(211, 144, 30.00, NULL, 25),
	(211, 835, 3.00, NULL, 39),
	(211, 1225, 150.00, NULL, 22),
	(211, 662, 30.00, NULL, 22),
	(211, 407, 10.00, NULL, 22),
	(211, 5, 1.00, NULL, 42),
	(211, 46, 20.00, NULL, 25),
	(211, 6, 1.00, NULL, 37),
	(211, 48, 1.00, NULL, 37),
	(212, 128, 400.00, NULL, 22),
	(212, 78, 1.00, NULL, 39),
	(212, 80, 1.00, NULL, 39),
	(212, 283, 2.00, NULL, 34),
	(212, 47, 1.00, NULL, 34),
	(212, 271, 1.00, NULL, 35),
	(212, 1005, 1.00, NULL, 35),
	(212, 1226, 0.00, '5', 35),
	(212, 46, 1.00, NULL, 34),
	(212, 1227, 120.00, NULL, 22),
	(212, 310, 150.00, NULL, 25),
	(212, 1010, 20.00, NULL, 22),
	(212, 809, 1.00, NULL, 34),
	(212, 6, 1.00, NULL, NULL),
	(212, 48, 1.00, NULL, NULL),
	(213, 1228, 200.00, NULL, 22),
	(213, 30, 30.00, NULL, 22),
	(213, 283, 30.00, NULL, 22),
	(213, 29, 5.00, NULL, 22),
	(213, 234, 1.00, NULL, 35),
	(213, 46, 5.00, NULL, 25),
	(213, 6, 1.00, NULL, 37),
	(213, 48, 1.00, NULL, 37),
	(213, 47, 5.00, NULL, 25);
/*!40000 ALTER TABLE `receta_ingrediente` ENABLE KEYS */;

-- Volcando estructura para tabla db_salcooking.unidades
DROP TABLE IF EXISTS `unidades`;
CREATE TABLE IF NOT EXISTS `unidades` (
  `id` int(11) NOT NULL AUTO_INCREMENT,
  `nombre` varchar(50) DEFAULT NULL,
  `conversion_base` decimal(10,4) DEFAULT NULL,
  PRIMARY KEY (`id`),
  UNIQUE KEY `nombre` (`nombre`)
) ENGINE=MyISAM AUTO_INCREMENT=43 DEFAULT CHARSET=utf8mb3 COLLATE=utf8mb3_general_ci;

-- Volcando datos para la tabla db_salcooking.unidades: 21 rows
/*!40000 ALTER TABLE `unidades` DISABLE KEYS */;
INSERT IGNORE INTO `unidades` (`id`, `nombre`, `conversion_base`) VALUES
	(22, 'Gramo', 1.0000),
	(23, 'Kilogramo', 1000.0000),
	(24, 'Miligramo', 0.0010),
	(25, 'Mililitro', 1.0000),
	(26, 'Litro', 1000.0000),
	(27, 'Centímetro cúbico', 1.0000),
	(28, 'Decilitro', 100.0000),
	(29, 'Centilitro', 10.0000),
	(30, 'Taza', 240.0000),
	(31, 'Media taza', 120.0000),
	(32, 'Tres cuartos de taza', 180.0000),
	(33, 'Cuarto de taza', 60.0000),
	(34, 'Cucharada', 15.0000),
	(35, 'Cucharadita', 5.0000),
	(36, 'Media cucharada', 7.5000),
	(37, 'Pizca', 0.5000),
	(38, 'Gota', 0.0500),
	(39, 'Unidad', NULL),
	(40, 'Docena', 720.0000),
	(41, 'Media docena', 360.0000),
	(42, 'diente', 10.0000);
/*!40000 ALTER TABLE `unidades` ENABLE KEYS */;

/*!40103 SET TIME_ZONE=IFNULL(@OLD_TIME_ZONE, 'system') */;
/*!40101 SET SQL_MODE=IFNULL(@OLD_SQL_MODE, '') */;
/*!40014 SET FOREIGN_KEY_CHECKS=IFNULL(@OLD_FOREIGN_KEY_CHECKS, 1) */;
/*!40101 SET CHARACTER_SET_CLIENT=@OLD_CHARACTER_SET_CLIENT */;
/*!40111 SET SQL_NOTES=IFNULL(@OLD_SQL_NOTES, 1) */;
